PDS4 LID	PDS <Target_Identification> name	Other/provisional names	PDS <type> attribute	COMA objecttype
coma.1p	1P/1682 Q1 (Halley)	1P/1982 U1, 1986 III, 1982i, 1P/1909 R1, 1910 II, 1909c, 1P/1835 P1, 1835 III, 1P/1758 Y1, 1759 I, 1P/1607 S1, 1P/1531 P1, 1P/1456 K1, 1P/1378 S1, 1P/1301 R1, 1P/1222 R1, 1P/1145 G1, 1P/1066 G1, 1P/989 N1, 1P/912 J1, 1P/837 F1, 1P/760 K1, 1P/684 R1, 1P/607 H1, 1P/530 Q1, 1P/451 L1, 1P/374 E1, 1P/295 J1, 1P/218 H1, 1P/141 F1, 1P/66 B1, 1P/-11 Q1, 1P/-86 Q1, 1P/-163 U1, 1P/-239 K1	Comet	
coma.2p	2P/1818 W1 (Encke)	1994 V, 1990 XXI, 1987 XIII, 1984 VI, 1980 XI, 1977 XI, 1974 V, 1971 II, 1970l, 1967 XIII, 1967h, 1964 IV, 1963h, 1961 I, 1960i, 1957 VIII, 1957c, 1954 IX, 1953f, 1951 III, 1950e, 1947 XI, 1947i, 1941 V, 1941b, 1937 VI, 1937h, 1934 III, 1934a, 1931 II, 1931a, 1928 II, 1927h, 1924 III, 1924b, 1921 IV, 1921d, 1918 I, 1917c, 1914 VI, 1914d, 1911 III, 1911d, 1908 I, 1908b, 1905 I, 1904b, 1901 II, 1901b, 1898 III, 1898d, 1895 I, 1894d, 1891 III, 1891c, 1888 II, 1888b, 1885 I, 1884d, 1881 VII, 1881d, 1878 II, 1878c, 1875 II, 1875a, 1871 V, 1871c, 1868 III, 1865 II, 1862 I, 1858 VIII, 1855 III, 1852 I, 1848 II, 1845 IV, 1842 I, 1838, 1835 II, 1832 I, 1829, 1825 III, 2P/1822 L1, 1822 II, 1819 I, 2P/1805 U1, 2P/1795 V1, 2P/1786 B1, 1786 I	Comet	
coma.3d	3D/1826 D1 (Biela 1)	1852 III, 1846 II, 3D/1832 S1, 1832 III, 1826 I, 3D/1805 V1, 1806 I, 3D/1772 E1	Comet	
coma.4p	4P/1843 W1 (Faye)	1991 XXI, 1991n, 1984 XI, 1984h, 1977 IV, 1976i, 1969 VI, 1969a, 1962 VII, 1961c, 1955 II, 1954e, 1947 IX, 1947f, 1940 II, 1939m, 1932 IX, 1932l, 1925 V, 1925h, 1910 V, 1910e, 1896 II, 1895b, 1888 IV, 1888d, 1881 I, 1880c, 1873 III, 1873f, 1866 II, 1858 V, 4P/1850 W1, 1851 I, 1843 II	Comet	
coma.5d	5D/1846 D2 (Brorsen 1)	1879 I, 1879a, 1873 VI, 1873e, 1868 I, 5D/1857 F1, 1857 II, 1846 III	Comet	
coma.6p	6P/1851 M1 (d'Arrest)	dArrest, 1989 II, 1987k, 1982 VII, 1982e, 1976 XI, 1976e, 1970 VII, 1970d, 1963 VII, 1963f, 1950 II, 1950a, 1943 III, 1923 II, 1923b, 1910 III, 1910c, 1897 II, 1897a, 1890 V, 1890d, 1877 IV, 1877d, 1870 III, 1870c, 6P/1857 X1, 1857 VII, 1851 II, 6P/1678 R1	Comet	
coma.7p	7P/1858 E1 (Pons-Winnecke 1)	1989 VIII, 1989g, 1983 IV, 1983b, 1976 XIV, 1976f, 1970 VIII, 1970b, 1964 I, 1964b, 1951 VI, 1951c, 1945 IV, 1945a, 1939 V, 1939c, 1933 II, 1933b, 1927 VII, 1927c, 1921 III, 1921b, 1915 III, 1915b, 1909 II, 1909d, 1898 II, 1898a, 1892 IV, 1892c, 1886 VI, 1886d, 1875 I, 1875b, 7P/1869 G1, 1869 I, 1869a, 1858 II, 7P/1819 L1, 1819 III	Comet	
coma.8p	8P/1858 A1 (Tuttle 1)	1994 XV, 1992r, 1980 XIII, 1980h, 1967 V, 1967a, 1939 X, 1939k, 1926 IV, 1926a, 1912 IV, 1912b, 1899 III, 1899b, 1885 IV, 1885b, 8P/1871 T1, 1871 III, 1871d, 8P/1858 A1, 1858 I, 8P/1790 A2, 1790 II	Comet	
coma.9p	9P/1867 G1 (Tempel 1)	1994 XIX, 1993c, 1989 I, 1987e1, 1983 XI, 1982j, 1978 II, 1977i, 9P/1972 A1, 1972 V, 1972a, 9P/1967 L1, 1966 VII, 1879 III, 1879b, 9P/1873 G1, 1873 I, 1873a, 1867 II	Comet	
coma.10p	10P/1873 N1 (Tempel 2)	1994 VII, 1988 XIV, 1987g, 1983 X, 1982d, 1978 V, 1977d, 1972 X, 1972c, 1967 X, 1967d, 1962 VI, 1961b, 1957 II, 1956e, 1951 VIII, 1951d, 1946 III, 1946b, 1930 VII, 1930f, 1925 IV, 1925d, 1920 II, 1920a, 1915 I, 1915c, 1904 III, 1904c, 1899 IV, 1899c, 1894 III, 1894c, 10P/1878 O1, 1878 III, 1878b, 1873 II, 1873b	Comet	
coma.11p	11P/1880 T1 (Tempel-Swift-LINEAR 1)	11P/2001 X3, 1908 II, 1908d, 1891 V, 1891d, 1880 IV, 1880e, 11P/1869 W1, 1869 III, 1869c	Comet	
coma.12p	12P/1812 O1 (Pons-Brooks 1)	12P/1953 M1, 1954 VII, 1953c, 12P/1883 R1, 1884 I, 1883b	Comet	
coma.13p	13P/1815 E1 (Olbers 1)	13P/1956 A1, 1956 IV, 1956a, 13P/1887 Q1, 1887 V, 1887f	Comet	
coma.14p	14P/1884 S1 (Wolf)	1992 XXII, 1992m, 1984 IX, 1983m, 1976 II, 1975f, 1967 XII, 1967j, 1959 II, 1958c, 1950 VI, 1950c, 1942 VI, 1934 I, 1933e, 1918 V, 1918b, 1912 I, 1911a, 1898 IV, 1898f, 14P/1891 J1, 1891 II, 1891b	Comet	
coma.15p	15P/1886 S1 (Finlay 1)	1988 IX, 1988f, 1981 XII, 1981e, 1974 X, 1974d, 1967 IX, 1967g, 1960 VIII, 1960d, 1953 VII, 1953i, 1926 V, 1926d, 1919 II, 1919d, 1906 V, 1906d, 15P/1893 K1, 1893 III, 1893a, 1886 VII, 1886e	Comet	
coma.16p	16P/1889 N1 (Brooks 2)	1994 XXIII, 1994j, 1987 XXIV, 1987m, 1980 IX, 1980f, 1974 I, 1973j, 1960 VI, 1960h, 1953 V, 1953b, 1946 IV, 1946e, 1939 VII, 1939g, 1932 VIII, 1932m, 1925 IX, 1925g, 1911 I, 1910d, 1903 V, 1903d, 16P/1896 M1, 1896 VI, 1896c, 1889 V, 1889d	Comet	
coma.17p	17P/1892 V1 (Holmes 1)	1993 VII, 1993i, 1986 V, 1986f, 1979 IV, 1979f, 1972 I, 1971b, 17P/1964 O1, 1964 X, 1964i, 1906 III, 1906f, 17P/1899 L1, 1899 II, 1899d, 1892 III, 1892f	Comet	
coma.18d	18D/1896 X1 (Perrine-Mrkos 1)	1968 VIII, 1968h, 1962 I, 1961h, 18D/1955 U1, 1955 VII, 1955i, 18D/1909 P1, 1909 III, 1909b, 1896 VII, 1896g	Comet	
coma.19p	19P/1904 Y2 (Borrelly 1)	1994 XXX, 1994l, 1987 XXXIII, 1987p, 1981 IV, 1980i, 1974 VII, 1973m, 1967 VIII, 1967m, 1960 V, 1960k, 1953 IV, 1954b, 1932 IV, 1932i, 1925 VIII, 1925f, 1918 IV, 1918c, 19P/1911 S1, 1911 VIII, 1911e, 1905 II, 1904e	Comet	
coma.20d	20D/1852 O1 (Westphal 1)	20D/1913 S1, 1913 VI, 1913d, 1852 IV, 20P/Westphal	Comet	
coma.21p	21P/1900 Y1 (Giacobini-Zinner 1)	1992 IX, 1991m, 1985 XIII, 1984e, 1979 III, 1978h, 1972 VI, 1972d, 1966 I, 1965g, 1959 VIII, 1959b, 1946 V, 1946c, 1940 I, 1939l, 1933 III, 1933c, 1926 VI, 1926e, 21P/1913 U1, 1913 V, 1913e, 1900 III, 1900c	Comet	
coma.22p	22P/1906 Q1 (Kopff 1)	1994s, 1990 I, 1988k ,1983 XIII, 1982k, 1977 V, 1976b, 1970 XI, 1970c, 1964 III, 1963i, 1958 I, 1958d, 1951 VII, 1951e, 1945 V, 1945b, 1939 II, 1939e, 1932 III, 1932e, 1926 II, 1926c, 22P/1919 O1, 1919 I, 1919a, 1906 IV, 1906e	Comet	
coma.23p	23P/1847 O1 (Brorsen-Metcalf 1)	23P/1989 N1, 1989 X, 1989o, 23P/1919 Q1, 1919 III, 1919b, 1847 V	Comet	
coma.24p	24P/1911 X1 (Schaumasse 1)	1993 III, 1992x, 1984 XXII, 1984m, 1976 XV, 1960 III, 1959h, 1952 III, 1951l, 1943 V, 1944a, 1927 VIII, 1927g, 24P/1919 U1, 1919 IV, 1919e, 1911 VII, 1911h	Comet	
coma.25d	25D/1916 D1 (Neujmin 2)	25D/1926 V2, 1927 I, 1926g, 1916 II, 1916a	Comet	
coma.26p	26P/1922 K1 (Grigg-Skjellerup 1)	1992 XVIII, 1987 X, 1986m, 1982 IV, 1982a, 1977 VI, 1977b, 1972 II, 1972b, 1967 I, 1966f, 1961 IX, 1961g, 1957 I, 1956i, 1952 IV, 1952b, 1942 V, 1947a, 1937 III, 1937e, 1932 II, 1932d, 26P/1927 F1, 1927 V, 1927e, 1922 I, 1922b, 26P/1902 O1, 1902 II, 1902c, 26P/1808 C1, 1808 III	Comet	
coma.27p	27P/1928 W1 (Crommelin 1)	1984 IV, 1983n, 27P/1956 S1, 1956 VI, 1956g, 1928 III, 1928b, 27P/1873 V1, 1873 VII, 1873g, 27P/1818 D1, 1818 I	Comet	
coma.28p	28P/1913 R2 (Neujmin 1)	1984 XIX, 1984c, 1966 VI, 1966a, 1948 XIII, 1948f, 28P/1931 S1, 1931 I, 1931d, 1913 III, 1913c	Comet	
coma.29p	29P/1927 V1 (Schwassmann-Wachmann 1)	1989 XV, 1974 II, 1957 IV, 1941 VI, 1925 II, 1927i, 29P/1902 E1, 1908 IV	Comet	
coma.30p	30P/1928 D1 (Reinmuth 1)	1994p, 1988 VI, 1987r, 1980 VIII, 1979j, 1973 IV, 1972i, 1965 V, 1965a, 1958 II, 1957e, 1950 IV, 1949f, 30P/1934 V1, 1935 II, 1934b, 1928 I, 1928a	Comet	
coma.31p	31P/1929 B1 (Schwassmann-Wachmann 2)	1994 II, 1981 VI, 1986h, 1974 XIII, 1979k, 1968 II, 1967i, 1955 I, 1960j, 1948 VII, 1947l, 1942 I, 1941f, 1929 I, 1929a	Comet	
coma.32p	32P/1926 V1 (Comas Sola 1)	1987 XVIII, 1986j, 1978 XVII, 1977n, 1969 VIII, 1968g, 1961 III, 1960f, 1944 II, 1951h, 32P/1935 P1, 1935 IV, 1935c, 1927 III, 1926f	Comet	
coma.33p	33P/1909 X1 (Daniel 1)	1992 XXIII, 1992o, 1985 XI, 1985j, 1978 XII, 1979b, 1964 II, 1964a, 1950 V, 1950d, 1943 IV, 33P/1937 B1, 1937 I, 1937a, 1909 IV, 1909e	Comet	
coma.34d	34D/1927 L1 (Gale 1)	34D/1938 J1, 1938, 1938a, 1927 VI, 1927f	Comet	
coma.35p	35P/1939 O1 (Herschel-Rigollet 1)	1939 VI, 1939h, 35P/1788 Y1, 1788 II	Comet	
coma.36p	36P/1933 U1 (Whipple 1)	1994 XXXII, 1993n, 1986 XII, 1985h, 1978 VIII, 1977h, 1970 XIV, 1969c, 1963 II, 1962f, 1955 VIII, 1955d, 36P/1940 R1, 1948 VI, 1947g, 1933 IV, 1933f, 36P/1925 QD, 1926 VIII	Comet	
coma.37p	37P/1929 P1 (Forbes 1)	1993 IV, 1993f, 1987 I, 1986g, 1980 VI, 1980a, 1974 IX, 1974a, 1961 VI, 1961a, 1948 VIII, 1948e, 37P/1942 L1, 1942 III, 1929 II, 1929c	Comet	
coma.38p	38P/1942 V1 (Stephan-Oterma 1)	38P/1980 L2, 1980 X, 1980g, 1942 IX, 38P/1867 B1, 1867 I	Comet	
coma.39p	39P/1943 G1 (Oterma 1)	39P/2001 P3, 1958 IV, 1950 III	Comet	
coma.40p	40P/1939 CB (Vaisala 1)	1993 VIII, 1992u, 1982 V, 1981l, 1971 VII, 1970q, 1960 IV, 1959i, 40P/1949 Y1, 1949 V, 1949h, 1939 IV, 1939b	Comet	
coma.41p	41P/1951 H1 (Tuttle-Giacobini-Kresak 1)	TGK, 1990 II, 1989b1, 1978 XXV, 1978r, 1973 VI, 1973b, 1962 V, 1962b, 1951 IV, 1951f, 41P/1907 L1, 1907 III, 1907c, 41P/1858 J1, 1858 III	Comet	
coma.42p	42P/1929 P2 (Neujmin 3)	1993 XVI, 1993j, 1972 IV, 1972g, 42P/1951 J1, 1951 V, 1951g, 1929 III, 1929b	Comet	
coma.43p	43P/1924 Y1 (Wolf-Harrington 1)	1991 V, 1990e, 1984 XVII, 1984g, 1978 VI, 1977j, 1971 VI, 1965 III, 1970o, 1964g, 1958 V, 1957g, 43P/1951 T2, 1952 II, 1951k, 1924 IV, 1924d	Comet	
coma.44p	44P/1947 R1 (Reinmuth 2)	1994 XVIII, 1993g, 1987 XXVI, 1987l, 1981 III, 1980n, 1974 VI, 1973g, 1967 XI, 1967e, 1960 IX, 1960c, 44P/1953 N1, 1954 VI, 1953d, 1947 VII, 1947j	Comet	
coma.45p	45P/1948 X1 (Honda-Mrkos-Pajdusakova 1)	HMP, 1990 XIV, 1990f, 1985 III, 1985c, 1980 I, 1980c, 1974 XVI, 1974f, 1969 V, 1969e, 1964 VII, 1964d, 45P/1954 C1, 1954 III, 1954a, 1948 XII, 1948n	Comet	
coma.46p	46P/1948 A1 (Wirtanen 1)	1991 XVI, 1991s, 1986 VI, 1985q, 1974 XI, 1974i, 1967 XIV, 1967k, 1961 IV, 1960m, 46P/1954 R2, 1954 XI, 1954j, 1947 XIII, 1948b	Comet	
coma.47p	47P/1948 Q1 (Ashbrook-Jackson 1)	1993 XIII, 1992j, 1986 II, 1985a, 1978 XIV, 1977g, 1971 III, 1970e, 47P/1955 H1, 1956 II, 1962e, 1948 IX, 1948i	Comet	
coma.48p	48P/1949 Q1 (Johnson 1)	1990 XXIII, 1990h, 1983 XVIII, 1983h, 1977 I, 1976h, 1970 IV, 1970h, 1963 IV, 1963c, 48P/1956 P1, 1956 V, 1956f, 1949 II, 1949d	Comet	
coma.49p	49P/1951 C2 (Arend-Rigaux 1)	1991 XVII, 1984 XXI, 1984k, 1978 III, 1977k, 1971 IV, 1970j, 1964 V, 1963g, 49P/1958 B1, 1957 VII, 1958b, 1950 VII, 1951b	Comet	
coma.50p	50P/1951 T1 (Arend 1)	1991 VIII, 1991u, 1983 VIII, 1983q, 1975 VI, 1975m, 1967 VI, 1967l, 50P/1959 N1, 1959 V, 1959c, 1951 X, 1951j	Comet	
coma.51p	51P/1953 P1 (Harrington 1)	1994 XXII, 1994g, 1987 XXVIII, 1987n, 1980 XIV, 1980m, 51P/1960 P1, 1960 VII, 1960g, 1953 VI, 1953e	Comet	
coma.51p--a	51P/1953 P1-A (Harrington 1-A)		Comet	
coma.51p--d	51P/1953 P1-D (Harrington 1-D)		Comet	
coma.52p	52P/1955 F1 (Harrington-Abell 1)	1991 X, 1990m, 1983 XVII, 1983r, 1976 VIII, 1975l, 1969 III, 1968i, 52P/1962 B1, 1962 II, 1962a, 1954 XIII, 1955a	Comet	
coma.53p	53P/1954 R1 (Van Biesbroeck 1)	1991 VI, 1989h1, 1978 XXIV, 1977s, 53P/1965 J1, 1966 III, 1965d, 1954 IV, 1954i	Comet	
coma.54p	54P/1844 Q1 (de Vico-Swift-NEAT 1)	54P/2002 T4, 54P/1965 M1, 1965 VII, 1965e, 54P/1894 W1, 1894 IV, 1894e, 1844 I	Comet	
coma.55p	55P/1865 Y1 (Tempel-Tuttle)	55P/1997 E1, 55P/1965 M2, 1965 IV, 1965i, 1866 I, 55P/1699 U1, 1699 II, 55P/1366 U1	Comet	
coma.56p	56P/1959 B1 (Slaughter-Burnham 1)	1993 X, 1992w, 1981 XVIII, 1981i, 56P/1969 V1, 1970 V, 1969f, 1958 VI, 1959a	Comet	
coma.57p	57P/1941 O1 (duToit-Neujmin-Delporte 1)	1983 IX, 1983g, 1989 XIV, 1989l, 57P/1941 OE, 1941 VII, 1941e, 1941 VII, 1941e, 57P/1970 N2, 1970 XIII, 1970i, 57P/1983 RD6, 1983 IX, 1983g	Comet	
coma.57p--a	57P/1941 O1-A (duToit-Neujmin-Delporte 1-A)		Comet	
coma.58p	58P/1936 S1 (Jackson-Neujmin 1)	1987 VIII, 1987t, 1978 XXVI, 1978q, 58P/1970 R1, 1970 IX, 1970k, 1936 IV, 1936c	Comet	
coma.59p	59P/1963 Q1 (Kearns-Kwee 1)	1990 XXV, 1989u, 1981 XX, 1981h, 59P/1971 O1, 1972 XI, 1971c, 1963 VIII, 1963d	Comet	
coma.60p	60P/1965 A2 (Tsuchinshan 2)	1992 XII, 1991e1, 1985 X, 1985d, 1978 XVI, 1978p, 60P/1971 S1, 1971 X, 1971d, 1965 II, 1965c	Comet	
coma.61p	61P/1949 S1 (Shajn-Schaldach 1)	1993 XVII, 1993k, 1986 X, 1985i, 1979 I, 1978i, 61P/1971 S2, 1971 IX, 1971e, 1949 VI, 1949e	Comet	
coma.62p	62P/1965 A1 (Tsuchinshan 1)	1991 XIV, 1991c1, 1985 I, 1984p, 1978 IX, 1978e, 62P/1971 Y1, 1971 VIII, 1971f, 1965 I, 1965b	Comet	
coma.63p	63P/1960 G1 (Wild 1)	63P/1973 A2, 1973 VIII, 1973c, 1960 I, 1960b	Comet	
coma.64p	64P/1889 W1 (Swift-Gehrels 1)	1991 II, 1991c, 1981 XIX, 1981j, 64P/1973 C1, 1972 VII, 1973d, 1889 VI, 1889f	Comet	
coma.65p	65P/1970 U2 (Gunn 1)	1989 XI, 1976 III, 1969 II, 1970p, 65P/1954 P1, 1953 VIII	Comet	
coma.66p	66P/1944 K1 (du Toit 1)	66P/1974 F2, 1974 IV, 1944 III, 1944c	Comet	
coma.67p	67P/1969 R1 (Churyumov-Gerasimenko 1)	1989 VI, 1988i, 1982 VIII, 1982f, 67P/1975 P1, 1976 VII, 1975i, 1969 IV, 1969h	Comet	
coma.68p	68P/1965 U1 (Klemola 1)	1987 XIV, 1987i, 68P/1976 P1, 1976 X, 1976j, 1965 VI, 1965j	Comet	
coma.69p	69P/1915 W1-B (Taylor 1)	1990 XXX, 1990n, 1984 II, 1983u, 69P/1976 X1, 1977 II, 1977a, 1916 I, 69P/1915 W1, 1915e	Comet	
coma.70p	70P/1970 Y1 (Kojima 1)	1994 VI, 1992z, 1986 VII, 1985o, 70P/1977 X1, 1978 X, 1977r, 1970 XII, 1970r	Comet	
coma.71p	71P/1973 L1 (Clark 1)	1994t, 1989 XX, 1989h, 1984 VIII, 1983w, 71P/1978 G1, 1978 XXIII, 1978g, 1973 V, 1973i	Comet	
coma.72p	72P/1881 T1 (Denning-Fujikawa 1)	72P/1978 T2, 1978 XIX, 1978n, 1881 V, 1881f	Comet	
coma.73p	73P/1930 J1 (Schwassmann-Wachmann 3)	1994w, 1990 VIII, 1989d1, 73P/1979 P1, 1979 VIII, 1979g, 1930 VI, 1930d	Comet	
coma.73p--a	73P/1930 J1-A (Schwassmann-Wachmann 3-A)		Comet	
coma.73p--b	73P/1930 J1-B (Schwassmann-Wachmann 3-B)		Comet	
coma.73p--c	73P/1930 J1-C (Schwassmann-Wachmann 3-C)		Comet	
coma.73p--e	73P/1930 J1-E (Schwassmann-Wachmann 3-E)		Comet	
coma.73p--g	73P/1930 J1-G (Schwassmann-Wachmann 3-G)		Comet	
coma.73p--h	73P/1930 J1-H (Schwassmann-Wachmann 3-H)		Comet	
coma.73p--j	73P/1930 J1-J (Schwassmann-Wachmann 3-J)		Comet	
coma.73p--k	73P/1930 J1-K (Schwassmann-Wachmann 3-K)		Comet	
coma.73p--l	73P/1930 J1-L (Schwassmann-Wachmann 3-L)		Comet	
coma.73p--m	73P/1930 J1-M (Schwassmann-Wachmann 3-M)		Comet	
coma.73p--n	73P/1930 J1-N (Schwassmann-Wachmann 3-N)		Comet	
coma.73p--p	73P/1930 J1-P (Schwassmann-Wachmann 3-P)		Comet	
coma.73p--q	73P/1930 J1-Q (Schwassmann-Wachmann 3-Q)		Comet	
coma.73p--r	73P/1930 J1-R (Schwassmann-Wachmann 3-R)		Comet	
coma.73p--s	73P/1930 J1-S (Schwassmann-Wachmann 3-S)		Comet	
coma.73p--t	73P/1930 J1-T (Schwassmann-Wachmann 3-T)		Comet	
coma.73p--u	73P/1930 J1-U (Schwassmann-Wachmann 3-U)		Comet	
coma.73p--v	73P/1930 J1-V (Schwassmann-Wachmann 3-V)		Comet	
coma.73p--w	73P/1930 J1-W (Schwassmann-Wachmann 3-W)		Comet	
coma.73p--x	73P/1930 J1-X (Schwassmann-Wachmann 3-X)		Comet	
coma.73p--y	73P/1930 J1-Y (Schwassmann-Wachmann 3-Y)		Comet	
coma.73p--z	73P/1930 J1-Z (Schwassmann-Wachmann 3-Z)		Comet	
coma.73p--aa	73P/1930 J1-AA (Schwassmann-Wachmann 3-AA)		Comet	
coma.73p--ab	73P/1930 J1-AB (Schwassmann-Wachmann 3-AB)		Comet	
coma.73p--ac	73P/1930 J1-AC (Schwassmann-Wachmann 3-AC)		Comet	
coma.73p--ad	73P/1930 J1-AD (Schwassmann-Wachmann 3-AD)		Comet	
coma.73p--ae	73P/1930 J1-AE (Schwassmann-Wachmann 3-AE)		Comet	
coma.73p--af	73P/1930 J1-AF (Schwassmann-Wachmann 3-AF)		Comet	
coma.73p--ag	73P/1930 J1-AG (Schwassmann-Wachmann 3-AG)		Comet	
coma.73p--ah	73P/1930 J1-AH (Schwassmann-Wachmann 3-AH)		Comet	
coma.73p--ai	73P/1930 J1-AI (Schwassmann-Wachmann 3-AI)		Comet	
coma.73p--aj	73P/1930 J1-AJ (Schwassmann-Wachmann 3-AJ)		Comet	
coma.73p--ak	73P/1930 J1-AK (Schwassmann-Wachmann 3-AK)		Comet	
coma.73p--al	73P/1930 J1-AL (Schwassmann-Wachmann 3-AL)		Comet	
coma.73p--am	73P/1930 J1-AM (Schwassmann-Wachmann 3-AM)		Comet	
coma.73p--an	73P/1930 J1-AN (Schwassmann-Wachmann 3-AN)		Comet	
coma.73p--ao	73P/1930 J1-AO (Schwassmann-Wachmann 3-AO)		Comet	
coma.73p--ap	73P/1930 J1-AP (Schwassmann-Wachmann 3-AP)		Comet	
coma.73p--aq	73P/1930 J1-AQ (Schwassmann-Wachmann 3-AQ)		Comet	
coma.73p--ar	73P/1930 J1-AR (Schwassmann-Wachmann 3-AR)		Comet	
coma.73p--as	73P/1930 J1-AS (Schwassmann-Wachmann 3-AS)		Comet	
coma.73p--at	73P/1930 J1-AT (Schwassmann-Wachmann 3-AT)		Comet	
coma.73p--au	73P/1930 J1-AU (Schwassmann-Wachmann 3-AU)		Comet	
coma.73p--av	73P/1930 J1-AV (Schwassmann-Wachmann 3-AV)		Comet	
coma.73p--aw	73P/1930 J1-AW (Schwassmann-Wachmann 3-AW)		Comet	
coma.73p--ax	73P/1930 J1-AX (Schwassmann-Wachmann 3-AX)		Comet	
coma.73p--ay	73P/1930 J1-AY (Schwassmann-Wachmann 3-AY)		Comet	
coma.73p--az	73P/1930 J1-AZ (Schwassmann-Wachmann 3-AZ)		Comet	
coma.73p--ba	73P/1930 J1-BA (Schwassmann-Wachmann 3-BA)		Comet	
coma.73p--bb	73P/1930 J1-BB (Schwassmann-Wachmann 3-BB)		Comet	
coma.73p--bc	73P/1930 J1-BC (Schwassmann-Wachmann 3-BC)		Comet	
coma.73p--bd	73P/1930 J1-BD (Schwassmann-Wachmann 3-BD)		Comet	
coma.73p--be	73P/1930 J1-BE (Schwassmann-Wachmann 3-BE)		Comet	
coma.73p--bf	73P/1930 J1-BF (Schwassmann-Wachmann 3-BF)		Comet	
coma.73p--bg	73P/1930 J1-BG (Schwassmann-Wachmann 3-BG)		Comet	
coma.73p--bh	73P/1930 J1-BH (Schwassmann-Wachmann 3-BH)		Comet	
coma.73p--bi	73P/1930 J1-BI (Schwassmann-Wachmann 3-BI)		Comet	
coma.73p--bj	73P/1930 J1-BJ (Schwassmann-Wachmann 3-BJ)		Comet	
coma.73p--bk	73P/1930 J1-BK (Schwassmann-Wachmann 3-BK)		Comet	
coma.73p--bl	73P/1930 J1-BL (Schwassmann-Wachmann 3-BL)		Comet	
coma.73p--bm	73P/1930 J1-BM (Schwassmann-Wachmann 3-BM)		Comet	
coma.73p--bn	73P/1930 J1-BN (Schwassmann-Wachmann 3-BN)		Comet	
coma.73p--bo	73P/1930 J1-BO (Schwassmann-Wachmann 3-BO)		Comet	
coma.73p--bp	73P/1930 J1-BP (Schwassmann-Wachmann 3-BP)		Comet	
coma.73p--bq	73P/1930 J1-BQ (Schwassmann-Wachmann 3-BQ)		Comet	
coma.73p--br	73P/1930 J1-BR (Schwassmann-Wachmann 3-BR)		Comet	
coma.73p--bs	73P/1930 J1-BS (Schwassmann-Wachmann 3-BS)		Comet	
coma.73p--bt	73P/1930 J1-BT (Schwassmann-Wachmann 3-BT)		Comet	
coma.74p	74P/1975 E2 (Smirnova-Chernykh 1)	1992 XXI, 1984 V, 1975 VII, 1975e, 74P/1967 EU, 1967 XV	Comet	
coma.75d	75D/1975 C1 (Kohoutek 1)	75P/Kohoutek, 1987 XXVII, 1986k, 75D/1980 P1, 1981 IX, 1980j, 1975 III, 1975c	Comet	
coma.76p	76P/1975 D1 (West-Kohoutek-Ikemura 1)	1993 XXI, 1993o, 1987 XV, 1987x, 76P/1980 V2, 1981 VIII, 1980r, 1975 IV, 1975b	Comet	
coma.77p	77P/1975 L1 (Longmore 1)	1994q, 1988 XVIII, 1987c1, 77P/1981 A1, 1981 XVI, 1981a, 1974 XIV, 1975g	Comet	
coma.78p	78P/1973 S1 (Gehrels 2)	1989 XVII, 1989n, 78P/1981 L1, 1981 XVII, 1981f, 1973 XI, 1973n	Comet	
coma.79p	79P/1945 G1 (du Toit-Hartley 1)	1987 IX, 1986q, 1982 II, 79P/1982 C1-A, 1982b, 1945 II, 1945c	Comet	
coma.79p--a	79P/1945 G1-A (du Toit-Hartley 1-A)		Comet	
coma.79p--b	79P/1945 G1-B (du Toit-Hartley 1-B)		Comet	
coma.80p	80P/1982 N1 (Peters-Hartley 1)	1990 IX, 1990d, 1982 III, 1982h, 80P/1846 M1, 1846 VI	Comet	
coma.81p	81P/1978 A2 (Wild 2)	1990 XXVIII, 1989t, 81P/1983 S1, 1984 XIV, 1983s, 1978 XI, 1978b	Comet	
coma.82p	82P/1975 U1 (Gehrels 3)	1993 XIV, 1992v, 82P/1984 P1, 1985 IV 1984l, 1977 VII, 1975o	Comet	
coma.83d	83D/1979 M2 (Russell 1)	83D/1985 G1, 1985 IX, 1985b, 1979 V, 1979d	Comet	
coma.84p	84P/1978 R2 (Giclas 1)	1992 XXV, 1992l, 84P/1985 M1, 1985 XV, 1985g, 1978 XXII, 1978k	Comet	
coma.85d	85D/1975 A1 (Boethin 1)	85P/Boethin, 85P/1985 T2, 1986 I, 1985n, 85P/1975 A1, 1975 I, 1975a	Comet	
coma.86p	86P/1980 G1 (Wild 3)	1994 XXI, 1994b, 86P/1987 B3, 1987 XX, 1987e, 1980 VII, 1980d	Comet	
coma.87p	87P/1981 E1 (Bus 1)	1994 XVI, 1993b, 87P/1987 B4, 1987 XXXIV, 1987f, 1981 XI, 1981b	Comet	
coma.88p	88P/1981 Q1 (Howell 1)	1993 II, 1992c, 88P/1987 E1, 1987 VI, 1987h, 1981 X, 1981k	Comet	
coma.89p	89P/1980 S1 (Russell 2)	1994 XXIX, 1994e, 89P/1987 N1, 1987 XI, 1987q, 1980 III, 1980o	Comet	
coma.90p	90P/1972 T1 (Gehrels 1)	90P/1987 Q2, 1987 XVI, 1987v, 1973 I, 1972k	Comet	
coma.91p	91P/1983 L1 (Russell 3)	91P/1989 A4, 1990 VII, 1989d, 1982 IX, 1983i	Comet	
coma.92p	92P/1977 T2 (Sanguin 1)	92P/1989 J1, 1990 IV, 1989z, 1977 XII, 1977p	Comet	
coma.93p	93P/1980 X1 (Lovas 1)	93P/1989 N2, 1989 XIII, 1989p, 1980 V, 1980s	Comet	
coma.94p	94P/1984 E1 (Russell 4)	94P/1989 X2, 1990 XI, 1989g1, 1984 I, 1984d	Comet	
coma.95p	95P/1977 UB (Chiron) [(2060) Chiron]	2060Chiron	Comet; Asteroid	
coma.96p	96P/1986 J2 (Machholz 1)	1991 XII, 1986 VIII, 1986e	Comet	
coma.97p	97P/1906 V2 (Metcalf-Brewington 1)	97P/1991 A1, 1991 I, 1991a, 1906 VI, 1906h	Comet	
coma.98p	98P/1984 O1 (Takamizawa 1)	98P/1991 D1, 1991 XIII, 1991h, 1984 VII, 1984j	Comet	
coma.99p	99P/1977 H2 (Kowal 1)	99P/1991 D2, 1992 VI, 1991i, 1977 III, 1977f	Comet	
coma.100p	100P/1985 L1 (Hartley 1)	100P/1991 E1, 1991 VII, 1991j, 1985 VII, 1985f	Comet	
coma.101p	101P/1977 Q1 (Chernykh 1)	101P/1991 L1, 1992 II, 1991o, 1978 IV, 1977l	Comet	
coma.101p--b	101P/1977 Q1-B (Chernykh 1-B)		Comet	
coma.102p	102P/1984 S2 (Shoemaker 1)	102P/1991 L2, 1991 XXIII, 1991p, 1984 XVI, 1984q	Comet	
coma.103p	103P/1986 E2 (Hartley 2)	103P/1991 N1, 1991 XV, 1991t, 1985 V, 1986c	Comet	
coma.104p	104P/1979 B1 (Kowal 2)	104P/1991 X1, 1991 XX, 1991f1, 1979 II, 1979a	Comet	
coma.105p	105P/1986 J1 (Singer Brewster 1)	105P/1992 G1, 1992 XXVI, 1992e, 1986 XI, 1986d	Comet	
coma.106p	106P/1977 T1 (Schuster 1)	106P/1992 O1, 1992 XXIV, 1992n, 1978 I, 1977o	Comet	
coma.107p	107P/1949 W1 (Wilson-Harrington 1) [(4015) Wilson-Harrington]	1979 VA	Comet; Asteroid	
coma.108p	108P/1985 V1 (Ciffreo 1)	108P/1992 S1, 1993 I, 1992s, 1985 XVI, 1985p	Comet	
coma.109p	109P/1862 O1 (Swift-Tuttle 1)	109P/1992 S2, 1992 XXVIII, 1992t, 1862 III, 109P/1737 N1, 1737 II, 109P/ 188 O1, 109P/ -68 Q1	Comet	
coma.110p	110P/1988 D1 (Hartley 3)	110P/1993 M1, 1994 XII, 1993m, 1987 XII, 1988d	Comet	
coma.111p	111P/1989 A2 (Helin-Roman-Crockett 1)	1988 XIII, 1989b	Comet	
coma.112p	112P/1986 UD (Urata-Niijima 1)	112P/1993 U1, 1993 XII, 1993q, 1986 XVI, 1986o	Comet	
coma.113p	113P/1890 W1 (Spitaler 1)	113P/1993 U2, 1994 III, 1993r, 1890 VII, 1890f	Comet	
coma.114p	114P/1986 Y1 (Wiseman-Skiff 1)	114P/1993 X2, 1993 IX, 1993u, 1986 XV, 1987b	Comet	
coma.115p	115P/1985 Q1 (Maury 1)	115P/1994 J1, 1994 VIII, 1994h, 1985 VI, 1985k	Comet	
coma.116p	116P/1990 B1 (Wild 4)	116P/1994 V1, 1994v, 1990 X, 1990a	Comet	
coma.117p	117P/1989 T2 (Helin-Roman-Alu 1)	1987 XXXVII, 1989w	Comet	
coma.118p	118P/1991 C2 (Shoemaker-Levy 4)	118P/1995 M1, 1990 XII, 1991f	Comet	
coma.119p	119P/1989 E1 (Parker-Hartley 1)	119P/1995 M2, 1987 XXXVI, 1989i	Comet	
coma.120p	120P/1987 U2 (Mueller 1)	120P/1995 O2, 1987 XXXI, 1987a1	Comet	
coma.121p	121P/1989 E2 (Shoemaker-Holt 2)	121P/1995 Q3, 1988 XI, 1989j	Comet	
coma.122p	122P/1846 D1 (de Vico 1)	122P/1995 S1, 1846 IV	Comet	
coma.123p	123P/1989 E3 (West-Hartley 1)	123P/1995 S2, 1988 XVI, 1989k	Comet	
coma.124p	124P/1991 F1 (Mrkos 1)	124P/1995 S3, 1991 IV, 1991k	Comet	
coma.125p	125P/1991 R2 (Spacewatch 1)	125P/1996 F1, 1990 XXIX, 1991x	Comet	
coma.126p	126P/1983 M1 (IRAS 1)	126P/1996 P1, 1983 XIV, 1983j	Comet	
coma.127p	127P/1990 R2 (Holt-Olmstead 1)	127P/1996 S1, 1990 XVIII, 1990k	Comet	
coma.128p	128P/1987 U1 (Shoemaker-Holt 1)	1988 VII, 1996 S2	Comet	
coma.128p--a	128P/1987 U1-A (Shoemaker-Holt 1-A)		Comet	
coma.128p--b	128P/1987 U1-B (Shoemaker-Holt 1-B)	128P-B/1987 U1	Comet	
coma.129p	129P/1991 C1 (Shoemaker-Levy 3)	129P/1996 U1, 1990 XXVII, 1991e	Comet	
coma.130p	130P/1991 S1 (McNaught-Hughes 1)	130P/1997 H1, 1991 IX, 1991y	Comet	
coma.131p	131P/1990 R1 (Mueller 2)	131P/1997 M2, 1990 XXIV, 1990j	Comet	
coma.132p	132P/1989 U1 (Helin-Roman-Alu 2)	132P/1997 N2, 1989 XVI, 1989y	Comet	
coma.133p	133P/1996 N2 (Elst-Pizarro 1) [(7968) Elst-Pizarro]	1979 OW7	Comet; Asteroid	
coma.134p	134P/1983 J3 (Kowal-Vavrova 1)	134P/1997 X2, 1983 III, 1983t	Comet	
coma.135p	135P/1992 G2 (Shoemaker-Levy 8)	135P/1998 B1, 1992 XV, 1992f	Comet	
coma.136p	136P/1990 S1 (Mueller 3)	136P/1998 K4, 1990 XIII, 1990l	Comet	
coma.137p	137P/1990 UL3 (Shoemaker-Levy 2)	137P/1998 K6, 1990 XVI, 1990p	Comet	
coma.138p	138P/1991 V2 (Shoemaker-Levy 7)	138P/1998 O1, 1991 XIX, 1991d1	Comet	
coma.139p	139P/1939 TN (Vaisala-Oterma 1)	139P/1998 WG22	Comet	
coma.140p	140P/1983 C1 (Bowell-Skiff 1)	140P/1998 X2, 1983 II, 1983c	Comet	
coma.141p--a	141P/1994 P1-A (Machholz 2-A)	141P/1994 P1, 141P-A/1999 P1, 141P-A/1994 P1-A	Comet	
coma.141p--d	141P/1994 P1-D (Machholz 2-D)	141P-D/1994 P1-D	Comet	
coma.142p	142P/1988 V1 (Ge-Wang 1)	142P/1999 R2, 1988 VIII, 1988o	Comet	
coma.143p	143P/1984 H1 (Kowal-Mrkos 1)	143P/2000 ET90, 1984 X, 1984n	Comet	
coma.144p	144P/1994 A1 (Kushida 1)	144P/2000 O2, 1993 XX, 1994a	Comet	
coma.145p	145P/1991 T1 (Shoemaker-Levy 5)	145P/2000 R1, 1991 XXII, 1991z	Comet	
coma.146p	146P/1984 W1 (Shoemaker-LINEAR 1)	146P/2000 S2, 1984 XVIII, 1984u	Comet	
coma.147p	147P/1993 X1 (Kushida-Muramatsu 1)	147P/2000 T2, 1993 XIX, 1993t	Comet	
coma.148p	148P/1963 W1 (Anderson-LINEAR 1)		Comet	
coma.149p	149P/1992 G3 (Mueller 4)	1992 IV, 1992g	Comet	
coma.150p	150P/2000 WT168 (LONEOS 3)		Comet	
coma.151p	151P/1987 Q3 (Helin 1)	151P/2001 M1, 1987 XVII, 1987w	Comet	
coma.152p	152P/1993 K2 (Helin-Lawrence 1)	152P/2001 Y1, 1993 XI, 1993l	Comet	
coma.153p	153P/2002 C1 (Ikeya-Zhang 1)		Comet	
coma.154p	154P/1992 Q1 (Brewington 1)	154P/2002 Q4, 1992 XIV, 1992p	Comet	
coma.155p	155P/1986 A1 (Shoemaker 3)	155P/2002 R2, 1985 XVIII, 1986a	Comet	
coma.156p	156P/2000 QD181 (Russell-LINEAR 1)	156P/1993 WU, 156P/1986 R1	Comet	
coma.157p	157P/1978 C2 (Tritton 1)	157P/2003 T1, 1977 XIII, 1978d	Comet	
coma.158p	158P/2001 RG100 (Kowal-LINEAR 1)	158P/1979 O1, 1979h	Comet	
coma.159p	159P/2003 UD16 (LONEOS 7)		Comet	
coma.160p	160P/2004 NL21 (LINEAR 43)		Comet	
coma.161p	161P/1983 V1 (Hartley-IRAS 1)	161P/2004 V2, 1984 III, 1983v	Comet	
coma.162p	162P/2004 TU12 (Siding Spring 2)		Comet	
coma.163p	163P/2004 V4 (NEAT 21)		Comet	
coma.164p	164P/2004 Y1 (Christensen 2)		Comet	
coma.165p	165P/2000 B4 (LINEAR 10)		Comet	
coma.166p	166P/2001 T4 (NEAT 8)		Comet	
coma.167p	167P/2004 PY42 (CINEOS 1)		Comet	
coma.168p	168P/1998 W2 (Hergenrother 1)	168P/2005 N2	Comet	
coma.169p	169P/2002 EX12 (NEAT 22)		Comet	
coma.170p	170P/2005 M1 (Christensen 4)		Comet	
coma.171p	171P/1998 W1 (Spahr 2)	171P/2005 R3	Comet	
coma.172p	172P/2002 BV (Yeung 1)	172P/2001 CB40	Comet	
coma.173p	173P/1993 W1 (Mueller 5)	173P/2005 T1, 1994 XXV, 1993s	Comet	
coma.174p	174P/2000 EC98 (Echeclus) [(60558) Echeclus]	2002 GJ27	Comet; Asteroid	
coma.175p	175P/2000 C1 (Hergenrother 2)	175P/2006 A3	Comet	
coma.176p	176P/1999 RE70 (LINEAR 52) [(118401) LINEAR]	2001 AR7	Comet; Asteroid	
coma.177p	177P/1889 M1 (Barnard 2)	177P/2006 M3	Comet	
coma.178p	178P/1999 X1 (Hug-Bell 1)	178P/2006 O1	Comet	
coma.179p	179P/1995 A1 (Jedicke 1)	179P/2006 U2	Comet	
coma.180p	180P/2001 K1 (NEAT 3)	180P/2006 U3	Comet	
coma.181p	181P/1991 V1 (Shoemaker-Levy 6)	181P/2006 U4, 1991 XVIII, 1991b1	Comet	
coma.182p	182P/2001 WF2 (LONEOS 6)	182P/2006 W2	Comet	
coma.183p	183P/1999 DN3 (Korlevic-Juric 1)	183P/2006 Y1	Comet	
coma.184p	184P/1986 W1 (Lovas 2)	184P/2007 A1, 1986 XIII, 1986p	Comet	
coma.185p	185P/2001 Q2 (Petriew 1)	185P/2007 A3	Comet	
coma.186p	186P/2007 B3 (Garradd 1)	186P/1977 O1	Comet	
coma.187p	187P/1999 J5 (LINEAR 4)	187P/2007 E3	Comet	
coma.188p	188P/1998 S1 (LINEAR-Mueller 1)	188P/2007 J7	Comet	
coma.189p	189P/2002 O5 (NEAT 10)	189P/2007 N2	Comet	
coma.190p	190P/1998 U2 (Mueller 6)	190P/2007 O2	Comet	
coma.191p	191P/2007 N1 (McNaught 11)	191P/2000 P3	Comet	
coma.192p	192P/1990 V1 (Shoemaker-Levy 1)	192P/2007 T3, 1990 XV, 1990o	Comet	
coma.193p	193P/2001 Q5 (LINEAR-NEAT 2)	193P/2007 U2	Comet	
coma.194p	194P/2000 B3 (LINEAR 9)	194P/2007 W2	Comet	
coma.195p	195P/2006 W4 (Hill 3)	195P/1993 D1	Comet	
coma.196p	196P/2000 U6 (Tichy 1)	196P/2008 C2	Comet	
coma.197p	197P/2003 KV2 (LINEAR 30)	197P/2008 E2	Comet	
coma.198p	198P/1998 X1 (ODAS 1)	198P/2006 B7	Comet	
coma.199p	199P/1994 J3 (Shoemaker 4)	199P/2008 G2, 1994 XXVIII, 1994k	Comet	
coma.200p	200P/1997 V1 (Larsen 1)	200P/2008 L1	Comet	
coma.201p	201P/2001 R1 (LONEOS 4)	201P/2008 Q4	Comet	
coma.202p	202P/2001 X2 (Scotti 2)	202P/2008 R2	Comet	
coma.203p	203P/1999 WJ7 (Korlevic 1)	203P/2008 R4	Comet	
coma.204p	204P/2001 TU80 (LINEAR-NEAT 3)	204P/2008 R5	Comet	
coma.205p	205P/1896 R2 (Giacobini 1)	205P/2008 R6	Comet	
coma.205p--a	205P/1896 R2-A (Giacobini 1-A)		Comet	
coma.205p--b	205P/1896 R2-B (Giacobini 1-B)		Comet	
coma.205p--c	205P/1896 R2-C (Giacobini 1-C)		Comet	
coma.206p	206P/1892 T1 (Barnard-Boattini 1)	206P/2008 T3	Comet	
coma.207p	207P/2001 J1 (NEAT 4)	207P/2008 T5	Comet	
coma.208p	208P/2008 U1 (McMillan 1)	208P/2000 S7	Comet	
coma.209p	209P/2004 CB (LINEAR 41)	209P/2008 X2	Comet	
coma.210p	210P/2003 K2 (Christensen 1)	210P/2008 X4	Comet	
coma.211p	211P/2008 X1 (Hill 7)	211P/2003 F6	Comet	
coma.212p	212P/2000 YN30 (NEAT 24)		Comet	
coma.213p	213P/2005 R2 (Van Ness 2)	213P/2009 B3	Comet	
coma.213p--b	213P/2005 R2-B (Van Ness 2-B)		Comet	
coma.214p	214P/2002 CW134 (LINEAR 22)	214P/2009 B4	Comet	
coma.215p	215P/2002 O8 (NEAT 11)	215P/2009 B5	Comet	
coma.216p	216P/2001 CV8 (LINEAR 16)	216P/2009 D1	Comet	
coma.217p	217P/2001 MD7 (LINEAR 17)	217P/2009 F3	Comet	
coma.218p	218P/2003 H4 (LINEAR 29)	218P/2009 F7	Comet	
coma.219p	219P/2002 LZ11 (LINEAR 38)	219P/2009 H1	Comet	
coma.220p	220P/2004 K2 (McNaught 1)	220P/2009 H2	Comet	
coma.221p	221P/2002 JN16 (LINEAR 25)	221P/2009 L1	Comet	
coma.222p	222P/2004 X1 (LINEAR 46)	222P/2009 MB9	Comet	
coma.223p	223P/2002 S1 (Skiff 2)	223P/2009 L18	Comet	
coma.224p	224P/2003 XD10 (LINEAR-NEAT 5)	224P/2009 Q2	Comet	
coma.225p	225P/2002 T1 (LINEAR 26)	225P/2009 Q3	Comet	
coma.226p	226P/2003 A1 (Pigott-LINEAR-Kowalski 1)	226P/2009 R2, 226P/1783 W1	Comet	
coma.227p	227P/2004 EW38 (Catalina-LINEAR 1)	227P/2009 S4	Comet	
coma.228p	228P/2001 YX127 (LINEAR 21)	228P/2009 U2	Comet	
coma.229p	229P/2009 S1 (Gibbs 10)	229P/2001 Q10	Comet	
coma.230p	230P/2009 U6 (LINEAR 57)	230P/2002 Q15, 230P/1997 A2	Comet	
coma.231p	231P/2003 CP7 (LINEAR-NEAT 4)	231P/2009 X1	Comet	
coma.232p	232P/2009 W1 (Hill 10)	232P/1999 XO188	Comet	
coma.233p	233P/2009 WJ50 (La Sagra 3)	233P/2005 JR71	Comet	
coma.234p	234P/2002 CF140 (LINEAR 60)	234P/2010 E4	Comet	
coma.235p	235P/2002 FA9 (LINEAR 61)	235P/2010 F2	Comet	
coma.236p	236P/2003 UY275 (LINEAR 39)	236P/2010 K1	Comet	
coma.237p	237P/2002 LN13 (LINEAR 62)	237P/2010 L2	Comet	
coma.238p	238P/2005 U1 (Read 3)	238P/2010 N2	Comet	
coma.239p	239P/1999 XB69 (LINEAR 11)	239P/2010 C2	Comet	
coma.240p	240P/2002 X2 (NEAT 12)	240P/2010 P1	Comet	
coma.241p	241P/1999 U3 (LINEAR 7)	241P/2010 P2	Comet	
coma.242p	242P/1998 U4 (Spahr 1)	242P/2010 P3	Comet	
coma.243p	243P/2003 S2 (NEAT 17)	243P/2010 P5	Comet	
coma.244p	244P/2000 Y3 (Scotti 1)	244P/2010 Q1	Comet	
coma.245p	245P/2010 L1 (WISE 5)	245P/2002 Q16	Comet	
coma.246p	246P/2004 F3 (NEAT 20)	246P/2010 V2	Comet	
coma.247p	247P/2002 VP94 (LINEAR 63)	247P/2010 V3	Comet	
coma.248p	248P/2010 W1 (Gibbs 11)	248P/2010 TL69, 248P/1996 TT65	Comet	
coma.249p	249P/2006 U1 (LINEAR 53)	249P/2011 A4	Comet	
coma.250p	250P/2011 A1 (Larson 4)		Comet	
coma.251p	251P/2004 HC18 (LINEAR 42)	251P/2011 J1	Comet	
coma.252p	252P/2000 G1 (LINEAR 12)	252P/2011 L5	Comet	
coma.253p	253P/2011 R2 (PanSTARRS 3)	253P/1998 RS22	Comet	
coma.254p	254P/2010 T1 (McNaught 19)		Comet	
coma.255p	255P/2006 T1 (Levy 2)	255P/2011 Y1, PK06T010	Comet	
coma.256p	256P/2003 HT15 (LINEAR 31)	256P/2012 B2	Comet	
coma.257p	257P/2005 JY126 (Catalina 4)	257P/2012 F4	Comet	
coma.258p	258P/2012 H1 (PanSTARRS 10)		Comet	
coma.259p	259P/2008 R1 (Garradd 4)		Comet	
coma.260p	260P/2005 K3 (McNaught 4)	260P/2012 K2	Comet	
coma.261p	261P/2005 N3 (Larson 1)	261P/2012 K4	Comet	
coma.262p	262P/1994 X1 (McNaught-Russell 1)	262P/2012 K7, 1994 XXIV, 1994u	Comet	
coma.263p	263P/2006 Y2 (Gibbs 3)	263P/2012 K9	Comet	
coma.264p	264P/2004 H3 (Larsen 4)	264P/2012 L4	Comet	
coma.265p	265P/2003 O2 (LINEAR 32)	265P/2012 M1	Comet	
coma.266p	266P/2006 U5 (Christensen 12)	266P/2012 P1	Comet	
coma.267p	267P/2006 Q2 (LONEOS 12)	267P/2012 R1	Comet	
coma.268p	268P/2005 V1 (Bernardi 1)	268P/2012 P2	Comet	
coma.269p	269P/1996 A1 (Jedicke 2)	269P/2012 R2	Comet	
coma.270p	270P/1997 C1 (Gehrels 4)	270P/2012 S5	Comet	
coma.271p	271P/1960 S1 (van Houten-Lemmon 1)	1961 X, 271P/2012 TB36	Comet	
coma.272p	272P/2004 F1 (NEAT 19)	272P/2012 V3	Comet	
coma.273p	273P/1827 M1 (Pons-Gambart 1)	273P/2012 V4	Comet	
coma.274p	274P/2012 WX32 (Tombaugh-Tenagra 1)	274P/2003 WZ141, 274P/1931 AN	Comet	
coma.275p	275P/1999 D1 (Hermann 1)	275P/2012 Y2	Comet	
coma.276p	276P/2012 T7 (Vorobjov 1)		Comet	
coma.277p	277P/2005 YQ127 (LINEAR 51)	277P/2013 A3	Comet	
coma.278p	278P/2006 K2 (McNaught 9)	278P/2013 B1	Comet	
coma.279p	279P/2009 QG31 (La Sagra 1)		Comet	
coma.280p	280P/2004 H2 (Larsen 3)	280P/2013 C1	Comet	
coma.281p	281P/2013 CE31 (MOSS 1)		Comet	
coma.282p	282P/2003 BM80 [(323137)]	282P/2003 FV112	Comet; Asteroid	
coma.283p	283P/2013 EV9 (Spacewatch 6)		Comet	
coma.284p	284P/2007 H1 (McNaught 10)	284P/2013 J1	Comet	
coma.285p	285P/2003 U2 (LINEAR 36)	285P/2013 K2	Comet	
coma.286p	286P/2005 L4 (Christensen 3)	286P/2013 K3	Comet	
coma.287p	287P/2006 R2 (Christensen 9)	287P/2013 L1	Comet	
coma.288p	288P/2006 VW139 [(300163)]		Comet; Asteroid	
coma.289p	289P/1819 W1 (Blanpain 1)	289P/2003 WY25	Comet	
coma.290p	290P/1998 U3 (Jager 1)	290P/2013 N1	Comet	
coma.291p	291P/2003 S1 (NEAT 16)	291P/2013 N2	Comet	
coma.292p	292P/1998 Y2 (Li 1)	292P/2013 O1	Comet	
coma.293p	293P/2006 XG16 (Spacewatch 4)	293P/2013 R2	Comet	
coma.294p	294P/2008 A2 (LINEAR 54)	294P/2013 X2	Comet	
coma.295p	295P/2002 AR2 (LINEAR 23)	295P/2013 Y1	Comet	
coma.296p	296P/2007 H3 (Garradd 2)	296P/2014 A1	Comet	
coma.297p	297P/2008 J2 (Beshore 1)	297P/2014 D1	Comet	
coma.298p	298P/2007 C1 (Christensen 15)	298P/2014 C4	Comet	
coma.299p	299P/2014 D2 (Catalina-PanSTARRS 2)	299P/2005 EL284	Comet	
coma.300p	300P/2005 JQ5 (Catalina 3)	300P/2014 G2	Comet	
coma.301p	301P/2001 BB50 (LINEAR-NEAT 1)	301P/2014 K1	Comet	
coma.302p	302P/2007 RJ236 (Lemmon-PanSTARRS 2)	302P/2014 K2	Comet	
coma.303p	303P/2003 U3 (NEAT 18)	303P/2014 L1	Comet	
coma.304p	304P/2008 Q2 (Ory 1)	304P/2014 L4	Comet	
coma.305p	305P/2004 V1 (Skiff 3)	305P/2014 N1	Comet	
coma.306p	306P/2003 O3 (LINEAR 33)	306P/2014 M5	Comet	
coma.307p	307P/2000 QJ46 (LINEAR 50)	307P/2014 O1	Comet	
coma.308p	308P/1997 T3 (Lagerkvist-Carsenty 1)	308P/2014 O2	Comet	
coma.309p	309P/2005 Q4 (LINEAR 47)	309P/2014 Q4	Comet	
coma.310p	310P/2006 S6 (Hill 2)	310P/2014 Q5	Comet	
coma.311p	311P/2013 P5 (PanSTARRS 23)		Comet	
coma.312p	312P/2001 Q11 (NEAT 25)	312P/2014 R2	Comet	
coma.313p	313P/2014 S4 (Gibbs 16)	313P/2003 S10	Comet	
coma.314p	314P/1997 G1 (Montani 1)	314P/2014 U1	Comet	
coma.315p	315P/2004 VR8 (LONEOS 9)	315P/2013 V6	Comet	
coma.316p	316P/2005 RV25 (LONEOS-Christensen 1)	316P/2014 U5	Comet	
coma.317p	317P/2010 K2 (WISE 4)	317P/2015 B3	Comet	
coma.318p	318P/1994 N2 (McNaught-Hartley 1)	318P/2014 M6, 1994 XXXI, 1994n	Comet	
coma.319p	319P/2008 S1 (Catalina-McNaught 1)	319P/2015 G1	Comet	
coma.320p	320P/2004 R1 (McNaught 2)	320P/2015 HC10	Comet	
coma.321p	321P/1997 J6 (SOHO 3)	321P/2012 M2, 321P/2008 S2, 321P/2004 X7, 321P/2001 D1	Comet	
coma.322p	322P/1999 R1 (SOHO 1)	322P/2003 R5, 322P/2007 R5, 322P/2011 R4	Comet	
coma.323p	323P/1999 X3 (SOHO 2)	323P/2012 Q2, 323P/2008 K10, 323P/2004 E2	Comet	
coma.324p	324P/2010 R2 (La Sagra 4)	324P/2015 K3	Comet	
coma.325p	325P/2009 L2 (Yang-Gao 1)	325P/2015 J4	Comet	
coma.326p	326P/2007 V2 (Hill 4)	326P/2015 P1	Comet	
coma.327p	327P/2002 Q1 (Van Ness 1)	327P/2015 P2	Comet	
coma.328p	328P/1998 QP54 (LONEOS-Tucker 1)	328P/2015 S1	Comet	
coma.329p	329P/2003 WC7 (LINEAR-Catalina 1)	329P/2015 T1	Comet	
coma.330p	330P/1999 V1 (Catalina 1)	330P/2015 U1	Comet	
coma.331p	331P/2012 F5 (Gibbs 14)		Comet	
coma.332p	332P/2010 V1 (Ikeya-Murakami 1)	332P/2015 Y2	Comet	
coma.332p--a	332P/2010 V1-A (Ikeya-Murakami 1-A)	332P-A/2010 V1-A	Comet	
coma.332p--b	332P/2010 V1-B (Ikeya-Murakami 1-B)	332P-B/2010 V1-B	Comet	
coma.332p--c	332P/2010 V1-C (Ikeya-Murakami 1-C)	332P-C/2010 V1-C	Comet	
coma.332p--d	332P/2010 V1-D (Ikeya-Murakami 1-D)	332P-D/2010 V1-D	Comet	
coma.332p--e	332P/2010 V1-E (Ikeya-Murakami 1-E)		Comet	
coma.332p--f	332P/2010 V1-F (Ikeya-Murakami 1-F)	332P-F/2010 V1-F	Comet	
coma.332p--g	332P/2010 V1-G (Ikeya-Murakami 1-G)	332P-G/2010 V1-G	Comet	
coma.332p--h	332P/2010 V1-H (Ikeya-Murakami 1-H)	332P-H/2010 V1-H	Comet	
coma.332p--i	332P/2010 V1-I (Ikeya-Murakami 1-I)		Comet	
coma.333p	333P/2007 VA85 (LINEAR 66)		Comet	
coma.334p	334P/2001 F1 (NEAT 1)	334P/2016 A4	Comet	
coma.335p	335P/2008 Y2 (Gibbs 8)	335P/2016 A9	Comet	
coma.336p	336P/2006 G1 (McNaught 7)	336P/2016 B2	Comet	
coma.337p	337P/2010 N1 (WISE 6)	337P/2016 GE216	Comet	
coma.338p	338P/2008 J3 (McNaught 12)	338P/2016 N1	Comet	
coma.339p	339P/2009 K1 (Gibbs 9)	339P/2016 M2	Comet	
coma.340p	340P/2008 T1 (Boattini 2)	340P/2016 N2	Comet	
coma.341p	341P/2007 R3 (Gibbs 6)	341P/2016 N3	Comet	
coma.342p	342P/2000 O3 (SOHO 6)	342P/2016 N5, 342P/2011 E1, 342P/2005 W4	Comet	
coma.343p	343P/2003 SQ215 (NEAT-LONEOS 1)	343P/2016 P3	Comet	
coma.344p	344P/2005 S3 (Read 1)	344P/2016 Q1	Comet	
coma.345p	345P/2008 SH164 (LINEAR 68)	345P/2016 Q3	Comet	
coma.346p	346P/2007 T6 (Catalina 7)	346P/2016 R1	Comet	
coma.347p	347P/2016 SV (PanSTARRS 60)	347P/2009 Q9	Comet	
coma.348p	348P/2017 A2 (PanSTARRS 62)	348P/2011 A5	Comet	
coma.349p	349P/2017 B1 (Lemmon 8)	349P/2010 EY90	Comet	
coma.350p	350P/2010 J5 (McNaught 18)	350P/2017 B2	Comet	
coma.351p	351P/2016 P2 (Wiegert-PanSTARRS 1)	351P/2007 R11, 351P/1998 U8	Comet	
coma.352p	352P/2000 S1 (Skiff 1)	352P/2017 L1	Comet	
coma.353p	353P/2009 S2 (McNaught 16)	353P/2017 M1	Comet	
coma.354p	354P/2010 A2 (LINEAR 58)	354P/2017 B5	Comet	
coma.355p	355P/2004 T1 (LINEAR-NEAT 7)	355P/2017 M2	Comet	
coma.356p	356P/2010 D1 (WISE 2)	356P/2017 O2	Comet	
coma.357p	357P/2008 T4 (Hill 6)	357P/2017 Q1	Comet	
coma.358p	358P/2012 T1 (PanSTARRS 11)	358P/2017 O3	Comet	
coma.359p	359P/2007 RS41 (LONEOS 13)	359P/2017 Q2	Comet	
coma.360p	360P/2010 P4 (WISE 8)	360P/2017 S1	Comet	
coma.361p	361P/2006 UR111 (Spacewatch 8)	361P/2017 S4	Comet	
coma.362p	362P/2008 GO98 [(457175)]		Comet; Asteroid	
coma.363p	363P/2011 VJ5 (Lemmon 3)	363P/2017 W1	Comet	
coma.364p	364P/2013 CU129 (PanSTARRS 18)	364P/2018 A2	Comet	
coma.365p	365P/2017 U6 (PanSTARRS 77)	365P/2011 WG113	Comet	
coma.366p	366P/2005 JN (Spacewatch 2)	366P/2018 F2	Comet	
coma.367p	367P/2011 CR42 (Catalina 12)	367P/2018 H1	Comet	
coma.368p	368P/2005 R1 (NEAT 23)	368P/2018 L3	Comet	
coma.369p	369P/2010 A1 (Hill 11)	369P/2018 P1	Comet	
coma.370p	370P/2001 T3 (NEAT 7)	370P/2018 P2	Comet	
coma.371p	371P/2001 R6 (LINEAR-Skiff 1)	371P/2018 R1	Comet	
coma.372p	372P/2008 O2 (McNaught 13)	372P/2018 P6	Comet	
coma.373p	373P/2011 W2 (Rinner 1)	373P/2018 R2	Comet	
coma.374p	374P/2007 V1 (Larson 3)	374P/2018 S1	Comet	
coma.375p	375P/2006 D1 (Hill 1)	375P/2018 T1	Comet	
coma.376p	376P/2005 GF8 (LONEOS 10)	376P/2018 X1	Comet	
coma.377p	377P/2003 L1 (Scotti 3)	377P/2019 E1	Comet	
coma.378p	378P/2005 Y2 (McNaught 6)	378P/2019 E2	Comet	
coma.379p	379P/2006 F4 (Spacewatch 3)	379P/2019 D2	Comet	
coma.380p	380P/2019 G1 (PanSTARRS 93)	380P/2011 O2	Comet	
coma.381p	381P/2000 S4 (LINEAR-Spacewatch 1)	381P/2019 K2	Comet	
coma.382p	382P/2007 R1 (Larson 2)	382P/2019 K3	Comet	
coma.383p	383P/2006 S1 (Christensen 10)	383P/2019 M1	Comet	
coma.384p	384P/2014 U2 (Kowalski 9)	384P/2019 O1	Comet	
coma.385p	385P/2010 U2 (Hill 13)	385P/2019 P1	Comet	
coma.386p	386P/2011 U1 (PanSTARRS 4)		Comet	
coma.387p	387P/2008 Y1 (Boattini 3)	387P/2019 R1	Comet	
coma.388p	388P/2007 T4 (Gibbs 7)	388P/2019 R2	Comet	
coma.389p	389P/2006 R1 (Siding Spring 4)	389P/2019 S1	Comet	
coma.390p	390P/2006 W1 (Gibbs 2)	390P/2019 U1	Comet	
coma.391p	391P/2006 F1 (Kowalski 2)	391P/2019 U2	Comet	
coma.392p	392P/2004 WR9 (LINEAR 45)	392P/2019 U3	Comet	
coma.393p	393P/2009 SK280 (Spacewatch-Hill 1)	393P/2019 S5	Comet	
coma.394p	394P/2020 F4 (PanSTARRS 102)	394P/2011 GN5	Comet	
coma.395p	395P/2005 JD108 (Catalina-NEAT 1)	395P/2020 H1	Comet	
coma.396p	396P/2020 F1 (Leonard 5)	396P/2002 E4	Comet	
coma.397p	397P/2012 SB6 (Lemmon 6)	397P/2020 M2	Comet	
coma.398p	398P/2009 Q4 (Boattini 5)	398P/2020 P2	Comet	
coma.399p	399P/2013 O2 (PanSTARRS 20)	399P/2020 O4	Comet	
coma.400p	400P/2020 R1 (PanSTARRS 107)	400P/2013 PA104	Comet	
coma.401p	401P/2006 H1 (McNaught 8)	401P/2020 R3	Comet	
coma.402p	402P/2002 T5 (LINEAR 27)	402P/2020 Q3	Comet	
coma.403p	403P/2007 VQ11 (Catalina 8)	403P/2020 T1	Comet	
coma.404p	404P/2011 U2 (Bressi 1)	404P/2020 M6	Comet	
coma.405p	405P/2013 TL117 (Lemmon 7)	405P/2020 U1	Comet	
coma.406p	406P/2007 R2 (Gibbs 5)	406P/2020 R8	Comet	
coma.407p	407P/2013 J4 (PanSTARRS-Fuls 1)	407P/2019 Y2	Comet	
coma.408p	408P/2011 R3 (Novichonok-Gerke 1)	408P/2020 M7	Comet	
coma.409p	409P/2005 XA54 (LONEOS-Hill 1)	409P/2020 V1	Comet	
coma.410p	410P/2005 CR16 (NEAT-LINEAR 2)	410P/2020 W2, 410P/2003 WR168	Comet	
coma.411p	411P/2007 B1 (Christensen 14)	411P/2020 W3	Comet	
coma.412p	412P/2010 B2 (WISE 1)	412P/2020 Y1	Comet	
coma.413p	413P/2014 E1 (Larson 5)	413P/2020 W4	Comet	
coma.414p	414P/2016 J3 (STEREO 1)	414P/2021 A3	Comet	
coma.415p	415P/2013 EW90 (Tenagra 3)	415P/2020 Y4	Comet	
coma.416p	416P/2013 A2 (Scotti 9)	416P/2021 A8	Comet	
coma.417p	417P/2015 J3 (NEOWISE 2)	417P/2021 B1	Comet	
coma.418p	418P/2010 A5 (LINEAR 59)	418P/2020 Y5	Comet	
coma.419p	419P/2015 F1 (PanSTARRS 41)	419P/2021 A11	Comet	
coma.420p	420P/2009 Q1 (Hill 9)	420P/2021 E1	Comet	
coma.421p	421P/2009 U4 (McNaught 17)	421P/2020 H10	Comet	
coma.p-1996_r2	P/1996 R2 (Lagerkvist 1)		Comet	
coma.p-1997_b1	P/1997 B1 (Kobayashi 1)		Comet	
coma.p-1998_vs24	P/1998 VS24 (LINEAR 2)		Comet	
coma.p-1999_j6	P/1999 J6 (SOHO 5)	P/2010 H3, P/2004 V9	Comet	
coma.p-1999_ro28	P/1999 RO28 (LONEOS 1)		Comet	
coma.p-1999_xn120	P/1999 XN120 (Catalina 2)		Comet	
coma.p-2000_r2	P/2000 R2 (LINEAR 15)		Comet	
coma.p-2001_h5	P/2001 H5 (NEAT 2)		Comet	
coma.p-2001_q6	P/2001 Q6 (NEAT 6)		Comet	
coma.p-2002_ej57	P/2002 EJ57 (LINEAR 24)		Comet	
coma.p-2002_t6	P/2002 T6 (NEAT-LINEAR 1)		Comet	
coma.p-2003_f2	P/2003 F2 (NEAT 14)		Comet	
coma.p-2003_qx29	P/2003 QX29 (NEAT 15)		Comet	
coma.p-2003_t12	P/2003 T12 (SOHO 7)	P/2012 A3	Comet	
coma.p-2004_a1	P/2004 A1 (LONEOS 8)		Comet	
coma.p-2004_do29	P/2004 DO29 (Spacewatch-LINEAR 1)		Comet	
coma.p-2004_fy140	P/2004 FY140 (LINEAR 48)		Comet	
coma.p-2004_r3	P/2004 R3 (LINEAR-NEAT 6)		Comet	
coma.p-2004_v3	P/2004 V3 (Siding Spring 1)		Comet	
coma.p-2004_v5	P/2004 V5 (LINEAR-Hill 1)		Comet	
coma.p-2004_v5--a	P/2004 V5-A (LINEAR-Hill 1-A)	P/2003 YM159	Comet	
coma.p-2004_v5--b	P/2004 V5-B (LINEAR-Hill 1-B)	P/2004 V5-B	Comet	
coma.p-2005_e1	P/2005 E1 (Tubbiolo 1)		Comet	
coma.p-2005_j1	P/2005 J1 (McNaught 3)		Comet	
coma.p-2005_l1	P/2005 L1 (McNaught 5)		Comet	
coma.p-2005_s2	P/2005 S2 (Skiff 4)		Comet	
coma.p-2005_sb216	P/2005 SB216 (LONEOS 11)		Comet	
coma.p-2005_t2	P/2005 T2 (Christensen 6)		Comet	
coma.p-2005_t3	P/2005 T3 (Read 2)		Comet	
coma.p-2005_t4	P/2005 T4 (SWAN 1)		Comet	
coma.p-2005_t5	P/2005 T5 (Broughton 1)		Comet	
coma.p-2005_w3	P/2005 W3 (Kowalski 1)		Comet	
coma.p-2006_hr30	P/2006 HR30 (Siding Spring 3)		Comet	
coma.p-2006_s4	P/2006 S4 (Christensen 11)		Comet	
coma.p-2006_wy182	P/2006 WY182 (Christensen 13)	P/2007 A2	Comet	
coma.p-2007_c2	P/2007 C2 (Catalina 6)		Comet	
coma.p-2007_k2	P/2007 K2 (Gibbs 4)		Comet	
coma.p-2007_q2	P/2007 Q2 (Gilmore 1)		Comet	
coma.p-2007_r4	P/2007 R4 (Garradd 3)		Comet	
coma.p-2007_s1	P/2007 S1 (Zhao 1)		Comet	
coma.p-2007_t2	P/2007 T2 (Kowalski 3)		Comet	
coma.p-2008_cl94	P/2008 CL94 (Lemmon 2)	P/2021 A12	Comet	
coma.p-2008_l2	P/2008 L2 (Hill 5)		Comet	
coma.p-2008_o3	P/2008 O3 (Boattini 1)		Comet	
coma.p-2008_qp20	P/2008 QP20 (LINEAR-Hill 2)		Comet	
coma.p-2008_wz96	P/2008 WZ96 (LINEAR 56)		Comet	
coma.p-2008_y3	P/2008 Y3 (McNaught 14)		Comet	
coma.p-2008_y12	P/2008 Y12 (SOHO)	P/2014 K3	Comet	
coma.p-2009_b1	P/2009 B1 (Boattini 4)		Comet	
coma.p-2009_o3	P/2009 O3 (Hill 8)		Comet	
coma.p-2009_q5	P/2009 Q5 (McNaught 15)		Comet	
coma.p-2009_t2	P/2009 T2 (La Sagra 2)		Comet	
coma.p-2009_wx51	P/2009 WX51 (Catalina 10)		Comet	
coma.p-2009_y2	P/2009 Y2 (Kowalski 4)		Comet	
coma.p-2010_a3	P/2010 A3 (Hill 12)		Comet	
coma.p-2010_c1	P/2010 C1 (Scotti 4)		Comet	
coma.p-2010_d2	P/2010 D2 (WISE 3)		Comet	
coma.p-2010_e2	P/2010 E2 (Jarnac 1)		Comet	
coma.p-2010_h2	P/2010 H2 (Vales 1)		Comet	
coma.p-2010_h4	P/2010 H4 (Scotti 7)		Comet	
coma.p-2010_h5	P/2010 H5 (Scotti 6)		Comet	
coma.p-2010_j3	P/2010 J3 (McMillan 2)	P/2010 CG6	Comet	
coma.p-2010_jc81	P/2010 JC81 (WISE 9)		Comet	
coma.p-2010_t2	P/2010 T2 (PanSTARRS 1)		Comet	
coma.p-2010_to20	P/2010 TO20 (LINEAR-Grauer 1)		Comet	
coma.p-2010_u1	P/2010 U1 (Boattini 6)		Comet	
coma.p-2010_uh55	P/2010 UH55 (Spacewatch 5)		Comet	
coma.p-2010_wk	P/2010 WK (LINEAR 64)		Comet	
coma.p-2011_a2	P/2011 A2 (Scotti 8)		Comet	
coma.p-2011_c2	P/2011 C2 (Gibbs 12)		Comet	
coma.p-2011_fr143	P/2011 FR143 (Lemmon 4)		Comet	
coma.p-2011_jb15	P/2011 JB15 (Spacewatch-Boattini 1)		Comet	
coma.p-2011_n1	P/2011 N1 (ASH 1)		Comet	
coma.p-2011_no1	P/2011 NO1 (Elenin 1)		Comet	
coma.p-2011_p1	P/2011 P1 (McNaught 21)		Comet	
coma.p-2011_q3	P/2011 Q3 (McNaught 22)		Comet	
coma.p-2011_s1	P/2011 S1 (Gibbs 13)		Comet	
coma.p-2011_ua134	P/2011 UA134 (Spacewatch-PanSTARRS 1)		Comet	
coma.p-2011_v1	P/2011 V1 (Boattini 7)		Comet	
coma.p-2011_w1	P/2011 W1 (PanSTARRS 5)		Comet	
coma.p-2011_y2	P/2011 Y2 (Boattini 8)		Comet	
coma.p-2012_b1	P/2012 B1 (PanSTARRS 6)		Comet	
coma.p-2012_f2	P/2012 F2 (PanSTARRS 8)		Comet	
coma.p-2012_g1	P/2012 G1 (PanSTARRS 9)		Comet	
coma.p-2012_k3	P/2012 K3 (Gibbs 15)		Comet	
coma.p-2012_nj	P/2012 NJ (La Sagra 5)		Comet	
coma.p-2012_o1	P/2012 O1 (McNaught 24)		Comet	
coma.p-2012_o2	P/2012 O2 (McNaught 25)		Comet	
coma.p-2012_o3	P/2012 O3 (McNaught 26)		Comet	
coma.p-2012_s2	P/2012 S2 (La Sagra 6)	P/2021 L5	Comet	
coma.p-2012_t2	P/2012 T2 (PanSTARRS 12)		Comet	
coma.p-2012_t3	P/2012 T3 (PanSTARRS 13)		Comet	
coma.p-2012_tk8	P/2012 TK8 (Tenagra 1)		Comet	
coma.p-2012_u2	P/2012 U2 (PanSTARRS 14)		Comet	
coma.p-2012_us27	P/2012 US27 (Siding Spring 5)		Comet	
coma.p-2012_wa34	P/2012 WA34 (Lemmon-PanSTARRS 1)		Comet	
coma.p-2013_al76	P/2013 AL76 (Catalina 11)		Comet	
coma.p-2013_g1	P/2013 G1 (Kowalski 8)		Comet	
coma.p-2013_g4	P/2013 G4 (PanSTARRS 16)		Comet	
coma.p-2013_j2	P/2013 J2 (McNaught 28)		Comet	
coma.p-2013_n3	P/2013 N3 (PanSTARRS 19)		Comet	
coma.p-2013_n5	P/2013 N5 (PanSTARRS 21)		Comet	
coma.p-2013_p1	P/2013 P1 (PanSTARRS 22)		Comet	
coma.p-2013_r3	P/2013 R3 (Catalina-PanSTARRS 1)		Comet	
coma.p-2013_r3--a	P/2013 R3-A (Catalina-PanSTARRS 1-A)		Comet	
coma.p-2013_r3--b	P/2013 R3-B (Catalina-PanSTARRS 1-B)		Comet	
coma.p-2013_t1	P/2013 T1 (PanSTARRS 25)		Comet	
coma.p-2013_t2	P/2013 T2 (Schwartz 1)		Comet	
coma.p-2013_w1	P/2013 W1 (PanSTARRS 26)		Comet	
coma.p-2013_yg46	P/2013 YG46 (Spacewatch 7)		Comet	
coma.p-2014_a2	P/2014 A2 (Hill 14)		Comet	
coma.p-2014_a3	P/2014 A3 (PanSTARRS 28)		Comet	
coma.p-2014_c1	P/2014 C1 (TOTAS 1)		Comet	
coma.p-2014_j1	P/2014 J1 (Catalina 14)	C/2014 J1	Comet	
coma.p-2014_l2	P/2014 L2 (NEOWISE 1)		Comet	
coma.p-2014_l3	P/2014 L3 (Hill 15)		Comet	
coma.p-2014_m4	P/2014 M4 (PanSTARRS 30)		Comet	
coma.p-2014_mg4	P/2014 MG4 (Spacewatch-PanSTARRS 2)		Comet	
coma.p-2014_o3	P/2014 O3 (PanSTARRS 29)		Comet	
coma.p-2014_r5	P/2014 R5 (Lemmon-PanSTARRS 3)		Comet	
coma.p-2014_u4	P/2014 U4 (PanSTARRS 31)		Comet	
coma.p-2014_v1	P/2014 V1 (PanSTARRS 32)		Comet	
coma.p-2014_w1	P/2014 W1 (PanSTARRS 35)		Comet	
coma.p-2014_w4	P/2014 W4 (PanSTARRS 33)		Comet	
coma.p-2014_w12	P/2014 W12 (Gibbs 17)		Comet	
coma.p-2014_x1	P/2014 X1 (Elenin 2)		Comet	
coma.p-2015_a3	P/2015 A3 (PanSTARRS 37)		Comet	
coma.p-2015_b1	P/2015 B1 (PanSTARRS 39)	C/2015 B1	Comet	
coma.p-2015_c1	P/2015 C1 (TOTAS-Gibbs 1)		Comet	
coma.p-2015_d5	P/2015 D5 (Kowalski 10)		Comet	
coma.p-2015_d6	P/2015 D6 (Lemmon-PanSTARRS 4)		Comet	
coma.c-1978_r3	C/1978 R3 (Machholz)		Comet	
coma.c-1979_m3	C/1979 M3 (Torres)		Comet	
coma.c-1980_e1	C/1980 E1 (Bowell)		Comet	
coma.c-1980_l1	C/1980 L1 (Torres)		Comet	
coma.c-1981_g1	C/1981 G1 (Elias)		Comet	
coma.c-1983_o1	C/1983 O1 (Cernis)	1983l, 1983 XII	Comet	
coma.c-1983_o2	C/1983 O2 (IRAS)		Comet	
coma.c-1983_r1	C/1983 R1 (Shoemaker)	1983 XV, 1983p	Comet	
coma.c-1984_k1	C/1984 K1 (Shoemaker)	1984f, 84f, 1985 XII	Comet	
coma.c-1984_u1	C/1984 U1 (Shoemaker)	1984 XV, 1984r, 84r	Comet	
coma.c-1984_u2	C/1984 U2 (Shoemaker)		Comet	
coma.c-1984_w2	C/1984 W2 (Hartley)	1984v	Comet	
coma.c-1985_k1	C/1985 K1 (Machholz)		Comet	
coma.c-1985_t1	C/1985 T1 (Thiele)		Comet	
coma.c-1986_e1	C/1986 E1 (Shoemaker)		Comet	
coma.c-1986_n1	C/1986 N1 (Churyumov-Solodovnikov)	Churyumov-Solodovnikoff, 1986i, 1986 IX	Comet	
coma.c-1986_p1	C/1986 P1 (Wilson)		Comet	
coma.c-1986_p1--a	C/1986 P1-A (Wilson)		Comet	
coma.c-1986_p1--b	C/1986 P1-B (Wilson)		Comet	
coma.c-1987_a1	C/1987 A1 (Levy)		Comet	
coma.c-1987_b1	C/1987 B1 (Nishikawa-Takamizawa-Tago)		Comet	
coma.c-1987_f1	C/1987 F1 (Torres)		Comet	
coma.c-1987_h1	C/1987 H1 (Shoemaker)	1986 XIV, 1987o, 87o	Comet	
coma.c-1987_p1	C/1987 P1 (Bradfield)		Comet	
coma.c-1987_w1	C/1987 W1 (Ichimura)		Comet	
coma.c-1987_w3	C/1987 W3 (Jensen-Shoemaker)	1987g1	Comet	
coma.c-1988_b1	C/1988 B1 (Shoemaker)	1988b, 1987 IV	Comet	
coma.c-1988_j1	C/1988 J1 (Shoemaker-Holt)		Comet	
coma.c-1988_p1	C/1988 P1 (Machholz)		Comet	
coma.c-1988_y1	C/1988 Y1 (Yanaka)	1988 XXIV, 1988r	Comet	JPL does not list these alternate names; found in IAUC 8842 [https://ui.adsabs.harvard.edu/abs/2007IAUC.8842....1S]
coma.c-1989_a1	C/1989 A1 (Yanaka)		Comet	
coma.c-1989_a5	C/1989 A5 (Shoemaker)		Comet	
coma.c-1989_a6	C/1989 A6 (Shoemaker)	1988 XXI, 1989f	Comet	
coma.c-1989_q1	C/1989 Q1 (Okazaki-Levy-Rudenko)	1989 XIX	Comet	
coma.c-1989_x1	C/1989 X1 (Austin)	1989c1, 1990 V	Comet	
coma.c-1989_y1	C/1989 Y1 (Skorichenko-George)		Comet	
coma.c-1990_k1	C/1990 K1 (Levy)	1990 XX, 1990c	Comet	
coma.c-1991_c3	C/1991 C3 (McNaught-Russell)		Comet	
coma.c-1991_f2	C/1991 F2 (Helin-Lawrence)	1991l	Comet	
coma.c-1991_l4	C/1991 L4 (Helin-Alu)		Comet	
coma.c-1991_q1	C/1991 Q1 (McNaught-Russell)		Comet	
coma.c-1991_r1	C/1991 R1 (McNaught-Russell)		Comet	
coma.c-1991_x2	C/1991 X2 (Mueller)		Comet	
coma.c-1992_a1	C/1992 A1 (Helin-Alu)		Comet	
coma.c-1992_q2	C/1992 Q2 (Helin-Lawrence)		Comet	
coma.c-1992_n1	C/1992 N1 (Machholz)		Comet	
coma.c-1992_u1	C/1992 U1 (Shoemaker)		Comet	
coma.c-1993_a1	C/1993 A1 (Mueller)		Comet	
coma.c-1993_f1	C/1993 F1 (Mueller)		Comet	
coma.c-1993_q1	C/1993 Q1 (Mueller)		Comet	
coma.c-1993_y1	C/1993 Y1 (McNaught-Russell)	1994 XI, 1993v	Comet	
coma.c-1994_e1	C/1994 E1 (Mueller)		Comet	
coma.c-1994_t1	C/1994 T1 (Machholz)		Comet	
coma.c-1995_o1	C/1995 O1 (Hale-Bopp)	hip hop, HB	Comet	
coma.c-1996_b2	C/1996 B2 (Hyakutake)		Comet	
coma.c-1997_ba6	C/1997 BA6 (Spacewatch)		Comet	
coma.c-1997_d1	C/1997 D1 (Mueller)		Comet	
coma.c-1997_j1	C/1997 J1 (Mueller)		Comet	
coma.c-1997_t1	C/1997 T1 (Utsunomiya)		Comet	
coma.c-1998_h1	C/1998 H1 (Stonehouse)		Comet	
coma.c-1998_k1	C/1998 K1 (Mueller)		Comet	
coma.c-1998_m3	C/1998 M3 (Larsen)		Comet	
coma.c-1999_f2	C/1999 F2 (Dalcanton)		Comet	
coma.c-1999_j2	C/1999 J2 (Skiff)		Comet	
coma.c-1999_k3	C/1999 K3 (LINEAR)		Comet	
coma.c-1999_s4	C/1999 S4 (LINEAR)		Comet	
coma.c-1999_t1	C/1999 T1 (McNaught-Hartley)		Comet	
coma.c-1999_t2	C/1999 T2 (LINEAR)		Comet	
coma.c-1999_u4	C/1999 U4 (Catalina-Skiff)		Comet	
coma.c-1999_y1	C/1999 Y1 (LINEAR)		Comet	
coma.c-2000_a2	C/2000 A2 (SOHO)		Comet	
coma.c-2000_g2	C/2000 G2 (LINEAR)		Comet	
coma.c-2000_j1	C/2000 J1 (Ferris)		Comet	
coma.c-2000_j2	C/2000 J2 (SOHO)		Comet	
coma.c-2000_j3	C/2000 J3 (SOHO)		Comet	
coma.c-2000_j4	C/2000 J4 (SOHO)		Comet	
coma.c-2000_k1	C/2000 K1 (LINEAR)		Comet	
coma.c-2000_k2	C/2000 K2 (LINEAR)		Comet	
coma.c-2000_of8	C/2000 OF8 (Spacewatch)		Comet	
coma.c-2000_u5	C/2000 U5 (LINEAR)		Comet	
coma.c-2000_w1	C/2000 W1 (Utsunomiya-Jones)		Comet	
coma.c-2000_wm1	C/2000 WM1 (LINEAR)		Comet	
coma.c-2001_a1	C/2001 A1 (LINEAR)		Comet	
coma.c-2001_a2--a	C/2001 A2-A (LINEAR)		Comet	
coma.c-2001_a2--b	C/2001 A2-B (LINEAR)		Comet	
coma.c-2001_b1	C/2001 B1 (LINEAR)		Comet	
coma.c-2001_b2	C/2001 B2 (NEAT)		Comet	
coma.c-2001_c1	C/2001 C1 (LINEAR)		Comet	
coma.c-2001_g1	C/2001 G1 (LONEOS)		Comet	
coma.c-2001_k5	C/2001 K5 (LINEAR)		Comet	
coma.c-2001_og108	C/2001 OG108 (LONEOS)		Comet	
coma.c-2001_q1	C/2001 Q1 (NEAT)		Comet	
coma.c-2001_q4	C/2001 Q4 (NEAT)		Comet	
coma.c-2002_ce10	C/2002 CE10 (LINEAR)		Comet	
coma.c-2002_e2	C/2002 E2 (Snyder-Murakami)		Comet	
coma.c-2002_f1	C/2002 F1 (Utsunomiya)		Comet	
coma.c-2002_t7	C/2002 T7 (LINEAR)		Comet	
coma.c-2002_v2	C/2002 V2 (LINEAR)		Comet	
coma.c-2002_vq94	C/2002 VQ94 (LINEAR)	C/2011 H1	Comet	
coma.c-2003_a2	C/2003 A2 (Gleason)		Comet	
coma.c-2003_a3	C/2003 A3 (SOHO)		Comet	
coma.c-2003_k4	C/2003 K4 (LINEAR)		Comet	
coma.c-2003_o1	C/2003 O1 (LINEAR)		Comet	
coma.c-2003_s3	C/2003 S3 (LINEAR)		Comet	
coma.c-2003_wt42	C/2003 WT42 (LINEAR)		Comet	
coma.c-2004_dz61	C/2004 DZ61 (Catalina-LINEAR)		Comet	
coma.c-2004_f4	C/2004 F4 (Bradfield)		Comet	
coma.c-2004_h6	C/2004 H6 (SWAN)		Comet	
coma.c-2004_hv60	C/2004 HV60 (Spacewatch)		Comet	
coma.c-2004_l1	C/2004 L1 (LINEAR)		Comet	
coma.c-2004_l2	C/2004 L2 (LINEAR)		Comet	
coma.c-2004_q1	C/2004 Q1 (Tucker)		Comet	
coma.c-2004_q2	C/2004 Q2 (Machholz)		Comet	
coma.c-2004_r2	C/2004 R2 (ASAS)		Comet	
coma.c-2005_a1--a	C/2005 A1-A (LINEAR)		Comet	
coma.c-2005_l3	C/2005 L3 (McNaught)		Comet	
coma.c-2005_w2	C/2005 W2 (Christensen)		Comet	
coma.c-2006_k4	C/2006 K4 (NEAT)		Comet	
coma.c-2006_of2	C/2006 OF2 (Broughton)		Comet	
coma.c-2006_q1	C/2006 Q1 (McNaught)		Comet	
coma.c-2006_s3	C/2006 S3 (LONEOS)		Comet	
coma.c-2006_s5	C/2006 S5 (Hill)		Comet	
coma.c-2006_u6	C/2006 U6 (Spacewatch)		Comet	
coma.c-2006_v1	C/2006 V1 (Catalina)		Comet	
coma.c-2006_w3	C/2006 W3 (Christensen)		Comet	
coma.c-2006_wd4	C/2006 WD4 (Lemmon)		Comet	
coma.c-2007_b2	C/2007 B2 (Skiff)		Comet	
coma.c-2007_d1	C/2007 D1 (LINEAR)		Comet	
coma.c-2007_g1	C/2007 G1 (LINEAR)		Comet	
coma.c-2007_k3	C/2007 K3 (Siding Spring)		Comet	
coma.c-2007_m1	C/2007 M1 (McNaught)		Comet	
coma.c-2007_m2	C/2007 M2 (Catalina)		Comet	
coma.c-2007_n3	C/2007 N3 (Lulin)		Comet	
coma.c-2007_q3	C/2007 Q3 (Siding Spring)		Comet	
coma.c-2007_s2	C/2007 S2 (Lemmon 1)		Comet	
coma.c-2007_t1	C/2007 T1 (McNaught)		Comet	
coma.c-2007_t5	C/2007 T5 (Gibbs)		Comet	
coma.c-2007_u1	C/2007 U1 (LINEAR)		Comet	
coma.c-2007_vo53	C/2007 VO53 (Spacewatch)		Comet	
coma.c-2007_w1	C/2007 W1 (Boattini)		Comet	
coma.c-2007_w3	C/2007 W3 (LINEAR)		Comet	
coma.c-2007_y1	C/2007 Y1 (LINEAR)		Comet	
coma.c-2007_y2	C/2007 Y2 (McNaught)		Comet	
coma.c-2008_a1	C/2008 A1 (McNaught)		Comet	
coma.c-2008_c1	C/2008 C1 (Chen-Gao)		Comet	
coma.c-2008_e1	C/2008 E1 (Catalina 9)		Comet	
coma.c-2008_e3	C/2008 E3 (Garradd)		Comet	
coma.c-2008_fk75	C/2008 FK75 (Lemmon-Siding Spring)		Comet	
coma.c-2008_g1	C/2008 G1 (Gibbs)		Comet	
coma.c-2008_h1	C/2008 H1 (LINEAR)		Comet	
coma.c-2008_j1	C/2008 J1 (Boattini)		Comet	
coma.c-2008_j5	C/2008 J5 (Garradd)		Comet	
coma.c-2008_j6	C/2008 J6 (Hill)		Comet	
coma.c-2008_n1	C/2008 N1 (Holmes)		Comet	
coma.c-2008_p1	C/2008 P1 (Garradd)		Comet	
coma.c-2008_q1	C/2008 Q1 (Maticic)		Comet	
coma.c-2008_q3	C/2008 Q3 (Garradd)		Comet	
coma.c-2008_r3	C/2008 R3 (LINEAR 55)		Comet	
coma.c-2008_s3	C/2008 S3 (Boattini)		Comet	
coma.c-2008_t2	C/2008 T2 (Cardinal)		Comet	
coma.c-2008_x3	C/2008 X3 (LINEAR)		Comet	
coma.c-2009_b2	C/2009 B2 (LINEAR)		Comet	
coma.c-2009_e1	C/2009 E1 (Itagaki)		Comet	
coma.c-2009_f1	C/2009 F1 (Larson)		Comet	
coma.c-2009_f2	C/2009 F2 (McNaught)		Comet	
coma.c-2009_f4	C/2009 F4 (McNaught)		Comet	
coma.c-2009_f5	C/2009 F5 (McNaught)		Comet	
coma.c-2009_f6	C/2009 F6 (Yi-SWAN)		Comet	
coma.c-2009_g1	C/2009 G1 (STEREO)		Comet	
coma.c-2009_k2	C/2009 K2 (Catalina)		Comet	
coma.c-2009_k3	C/2009 K3 (Beshore)		Comet	
coma.c-2009_k4	C/2009 K4 (Gibbs)		Comet	
coma.c-2009_k5	C/2009 K5 (McNaught)		Comet	
coma.c-2009_o2	C/2009 O2 (Catalina)		Comet	
coma.c-2009_o4	C/2009 O4 (Hill)		Comet	
coma.c-2009_p1	C/2009 P1 (Garradd)		Comet	
coma.c-2009_p2	C/2009 P2 (Boattini)	C/2008 TQ137, C/2008 VP28	Comet	
coma.c-2009_r1	C/2009 R1 (McNaught)		Comet	
coma.c-2009_s3	C/2009 S3 (Lemmon)		Comet	
coma.c-2009_t1	C/2009 T1 (McNaught)		Comet	
coma.c-2009_t3	C/2009 T3 (LINEAR)		Comet	
coma.c-2009_u3	C/2009 U3 (Hill)		Comet	
coma.c-2009_u5	C/2009 U5 (Grauer)		Comet	
coma.c-2009_ug89	C/2009 UG89 (Lemmon)		Comet	
coma.c-2009_w2	C/2009 W2 (Boattini)		Comet	
coma.c-2009_y1	C/2009 Y1 (Catalina)		Comet	
coma.c-2010_a4	C/2010 A4 (Siding Spring)		Comet	
coma.c-2010_b1	C/2010 B1 (Cardinal)		Comet	
coma.c-2010_d3	C/2010 D3 (WISE)		Comet	
coma.c-2010_d4	C/2010 D4 (WISE)		Comet	
coma.c-2010_dg56	C/2010 DG56 (WISE)		Comet	
coma.c-2010_e1	C/2010 E1 (Garradd)		Comet	
coma.c-2010_e5	C/2010 E5 (Scotti 5)		Comet	
coma.c-2010_f1	C/2010 F1 (Boattini)		Comet	
coma.c-2010_f3	C/2010 F3 (Scotti)		Comet	
coma.c-2010_f4	C/2010 F4 (Machholz)		Comet	
coma.c-2010_fb87	C/2010 FB87 (WISE-Garradd)		Comet	
coma.c-2010_g1	C/2010 G1 (Boattini)		Comet	
coma.c-2010_g2	C/2010 G2 (Hill)		Comet	
coma.c-2010_g3	C/2010 G3 (WISE)		Comet	
coma.c-2010_h1	C/2010 H1 (Garradd)		Comet	
coma.c-2010_j1	C/2010 J1 (Boattini)		Comet	
coma.c-2010_j2	C/2010 J2 (McNaught)		Comet	
coma.c-2010_j4	C/2010 J4 (WISE)		Comet	
coma.c-2010_kw7	C/2010 KW7 (WISE)		Comet	
coma.c-2010_l3	C/2010 L3 (Catalina)		Comet	
coma.c-2010_l4	C/2010 L4 (WISE)		Comet	
coma.c-2010_l5	C/2010 L5 (WISE)		Comet	
coma.c-2010_m1	C/2010 M1 (Gibbs)		Comet	
coma.c-2010_r1	C/2010 R1 (LINEAR)		Comet	
coma.c-2010_s1	C/2010 S1 (LINEAR)		Comet	
coma.c-2010_u3	C/2010 U3 (Boattini)		Comet	
coma.c-2010_x1	C/2010 X1 (Elenin)		Comet	
coma.c-2011_a3	C/2011 A3 (Gibbs)		Comet	
coma.c-2011_c1	C/2011 C1 (McNaught)		Comet	
coma.c-2011_c3	C/2011 C3 (Gibbs)		Comet	
coma.c-2011_f1	C/2011 F1 (LINEAR)		Comet	
coma.c-2011_g1	C/2011 G1 (McNaught)		Comet	
coma.c-2011_j2	C/2011 J2 (LINEAR)		Comet	
coma.c-2011_j2--b	C/2011 J2-B (LINEAR-B)		Comet	
coma.c-2011_j2--c	C/2011 J2-C (LINEAR-C)		Comet	
coma.c-2011_j3	C/2011 J3 (LINEAR 65)		Comet	
coma.c-2011_k1	C/2011 K1 (Schwartz-Holvorcem)		Comet	
coma.c-2011_kp36	C/2011 KP36 (Spacewatch)		Comet	
coma.c-2011_l1	C/2011 L1 (McNaught 20)		Comet	
coma.c-2011_l2	C/2011 L2 (McNaught)		Comet	
coma.c-2011_l3	C/2011 L3 (McNaught)		Comet	
coma.c-2011_l4	C/2011 L4 (PanSTARRS)		Comet	
coma.c-2011_l6	C/2011 L6 (Boattini)		Comet	
coma.c-2011_m1	C/2011 M1 (LINEAR)		Comet	
coma.c-2011_n2	C/2011 N2 (McNaught)		Comet	
coma.c-2011_o1	C/2011 O1 (LINEAR)		Comet	
coma.c-2011_p2	C/2011 P2 (PanSTARRS)		Comet	
coma.c-2011_q1	C/2011 Q1 (PanSTARRS)		Comet	
coma.c-2011_q2	C/2011 Q2 (McNaught)		Comet	
coma.c-2011_q4	C/2011 Q4 (SWAN)		Comet	
coma.c-2011_r1	C/2011 R1 (McNaught)		Comet	
coma.c-2011_s2	C/2011 S2 (Kowalski)		Comet	
coma.c-2011_u3	C/2011 U3 (PanSTARRS)		Comet	
coma.c-2011_uf305	C/2011 UF305 (LINEAR)		Comet	
coma.c-2011_w3	C/2011 W3 (Lovejoy)		Comet	
coma.c-2011_y3	C/2011 Y3 (Boattini 9)		Comet	
coma.c-2012_a1	C/2012 A1 (PanSTARRS)		Comet	
coma.c-2012_a2	C/2012 A2 (LINEAR)		Comet	
coma.c-2012_b3	C/2012 B3 (La Sagra)		Comet	
coma.c-2012_bj98	C/2012 BJ98 (Lemmon)		Comet	
coma.c-2012_c1	C/2012 C1 (McNaught)		Comet	
coma.c-2012_c2	C/2012 C2 (Bruenjes)		Comet	
coma.c-2012_c3	C/2012 C3 (PanSTARRS 7)	P/2012 C3	Comet	
coma.c-2012_ch17	C/2012 CH17 (MOSS)		Comet	
coma.c-2012_e1	C/2012 E1 (Hill)		Comet	
coma.c-2012_e2	C/2012 E2 (SWAN)		Comet	
coma.c-2012_e3	C/2012 E3 (PanSTARRS)		Comet	
coma.c-2012_f1	C/2012 F1 (Gibbs)		Comet	
coma.c-2012_f3	C/2012 F3 (PanSTARRS)		Comet	
coma.c-2012_f6	C/2012 F6 (Lemmon)		Comet	
coma.c-2012_h2	C/2012 H2 (McNaught 23)		Comet	
coma.c-2012_j1	C/2012 J1 (Catalina)		Comet	
coma.c-2012_k1	C/2012 K1 (PanSTARRS)		Comet	
coma.c-2012_k5	C/2012 K5 (LINEAR)		Comet	
coma.c-2012_k6	C/2012 K6 (McNaught)		Comet	
coma.c-2012_k8	C/2012 K8 (Lemmon)		Comet	
coma.c-2012_l1	C/2012 L1 (LINEAR)		Comet	
coma.c-2012_l2	C/2012 L2 (LINEAR)		Comet	
coma.c-2012_l3	C/2012 L3 (LINEAR)		Comet	
coma.c-2012_lp26	C/2012 LP26 (Palomar)		Comet	
coma.c-2012_op	C/2012 OP (Siding Spring)		Comet	
coma.c-2012_q1	C/2012 Q1 (Kowalski 6)		Comet	
coma.c-2012_s1	C/2012 S1 (ISON)		Comet	
coma.c-2012_s3	C/2012 S3 (PanSTARRS)		Comet	
coma.c-2012_s4	C/2012 S4 (PanSTARRS)		Comet	
coma.c-2012_t4	C/2012 T4 (McNaught)		Comet	
coma.c-2012_t5	C/2012 T5 (Bressi)		Comet	
coma.c-2012_t6	C/2012 T6 (Kowalski 7)		Comet	
coma.c-2012_u1	C/2012 U1 (PanSTARRS)		Comet	
coma.c-2012_v1	C/2012 V1 (PanSTARRS)		Comet	
coma.c-2012_v2	C/2012 V2 (LINEAR)		Comet	
coma.c-2012_x1	C/2012 X1 (LINEAR)		Comet	
coma.c-2012_x2	C/2012 X2 (PanSTARRS 15)		Comet	
coma.c-2012_y1	C/2012 Y1 (LINEAR)		Comet	
coma.c-2012_y3	C/2012 Y3 (McNaught 27)		Comet	
coma.c-2013_a1	C/2013 A1 (Siding Spring)		Comet	
coma.c-2013_b2	C/2013 B2 (Catalina)		Comet	
coma.c-2013_c2	C/2013 C2 (Tenagra 2)		Comet	
coma.c-2013_d1	C/2013 D1 (Holvorcem 1)		Comet	
coma.c-2013_e1	C/2013 E1 (McNaught)		Comet	
coma.c-2013_e2	C/2013 E2 (Iwamoto)		Comet	
coma.c-2013_f1	C/2013 F1 (Boattini)		Comet	
coma.c-2013_f2	C/2013 F2 (Catalina)		Comet	
coma.c-2013_f3	C/2013 F3 (McNaught)		Comet	
coma.c-2013_g2	C/2013 G2 (McNaught)		Comet	
coma.c-2013_g3	C/2013 G3 (PanSTARRS)		Comet	
coma.c-2013_g5	C/2013 G5 (Catalina)		Comet	
coma.c-2013_g6	C/2013 G6 (Lemmon)		Comet	
coma.c-2013_g7	C/2013 G7 (McNaught)		Comet	
coma.c-2013_g8	C/2013 G8 (PanSTARRS)		Comet	
coma.c-2013_g9	C/2013 G9 (Tenagra)		Comet	
coma.c-2013_h1	C/2013 H1 (La Sagra)		Comet	
coma.c-2013_h2	C/2013 H2 (Boattini)		Comet	
coma.c-2013_j3	C/2013 J3 (McNaught)		Comet	
coma.c-2013_j5	C/2013 J5 (Boattini)		Comet	
coma.c-2013_j6	C/2013 J6 (Catalina)		Comet	
coma.c-2013_k1	C/2013 K1 (Christensen)		Comet	
coma.c-2013_l2	C/2013 L2 (Catalina)		Comet	
coma.c-2013_n4	C/2013 N4 (Borisov)		Comet	
coma.c-2013_o3	C/2013 O3 (McNaught)		Comet	
coma.c-2013_p2	C/2013 P2 (PanSTARRS)		Comet	
coma.c-2013_p3	C/2013 P3 (Palomar)		Comet	
coma.c-2013_p4	C/2013 P4 (PanSTARRS 24)		Comet	
coma.c-2013_pe67	C/2013 PE67 (Catalina-Spacewatch)		Comet	
coma.c-2013_r1	C/2013 R1 (Lovejoy)		Comet	
coma.c-2013_s1	C/2013 S1 (Catalina)		Comet	
coma.c-2013_tw5	C/2013 TW5 (Spacewatch)		Comet	
coma.c-2013_u1	C/2013 U1 (Catalina 13)		Comet	
coma.c-2013_u2	C/2013 U2 (Holvorcem)		Comet	
coma.c-2013_uq4	C/2013 UQ4 (Catalina)		Comet	
coma.c-2013_us10	C/2013 US10 (Catalina)		Comet	
coma.c-2013_v1	C/2013 V1 (Boattini)		Comet	
coma.c-2013_v2	C/2013 V2 (Borisov)		Comet	
coma.c-2013_v3	C/2013 V3 (Nevski 1)		Comet	
coma.c-2013_v4	C/2013 V4 (Catalina)		Comet	
coma.c-2013_v5	C/2013 V5 (Oukaimeden)		Comet	
coma.c-2013_w2	C/2013 W2 (PanSTARRS 27)		Comet	
coma.c-2013_x1	C/2013 X1 (PanSTARRS)		Comet	
coma.c-2013_y2	C/2013 Y2 (PanSTARRS)		Comet	
coma.c-2014_a4	C/2014 A4 (SONEAR)		Comet	
coma.c-2014_a5	C/2014 A5 (PanSTARRS)		Comet	
coma.c-2014_aa52	C/2014 AA52 (Catalina)		Comet	
coma.c-2014_b1	C/2014 B1 (Schwartz)		Comet	
coma.c-2014_c2	C/2014 C2 (STEREO)		Comet	
coma.c-2014_c3	C/2014 C3 (NEOWISE)		Comet	
coma.c-2014_e2	C/2014 E2 (Jacques)		Comet	
coma.c-2014_f1	C/2014 F1 (Hill)		Comet	
coma.c-2014_f2	C/2014 F2 (Tenagra)		Comet	
coma.c-2014_f3	C/2014 F3 (Sheppard-Trujillo 1)		Comet	
coma.c-2014_g1	C/2014 G1 (PanSTARRS)		Comet	
coma.c-2014_g3	C/2014 G3 (PanSTARRS)		Comet	
coma.c-2014_h1	C/2014 H1 (Christensen)		Comet	
coma.c-2014_l5	C/2014 L5 (Lemmon)		Comet	
coma.c-2014_m1	C/2014 M1 (PanSTARRS)		Comet	
coma.c-2014_m2	C/2014 M2 (Christensen)		Comet	
coma.c-2014_m3	C/2014 M3 (Catalina)		Comet	
coma.c-2014_n2	C/2014 N2 (PanSTARRS)		Comet	
coma.c-2014_n3	C/2014 N3 (NEOWISE)		Comet	
coma.c-2014_oe4	C/2014 OE4 (PanSTARRS)		Comet	
coma.c-2014_q1	C/2014 Q1 (PanSTARRS)		Comet	
coma.c-2014_q2	C/2014 Q2 (Lovejoy)		Comet	
coma.c-2014_q3	C/2014 Q3 (Borisov 1)		Comet	
coma.c-2014_qu2	C/2014 QU2 (PanSTARRS)		Comet	
coma.c-2014_q6	C/2014 Q6 (PanSTARRS)		Comet	
coma.c-2014_r1	C/2014 R1 (Borisov)		Comet	
coma.c-2014_r3	C/2014 R3 (PanSTARRS)		Comet	
coma.c-2014_r4	C/2014 R4 (Gibbs)		Comet	
coma.c-2014_s1	C/2014 S1 (PanSTARRS)		Comet	
coma.c-2014_s2	C/2014 S2 (PanSTARRS)		Comet	
coma.c-2014_s3	C/2014 S3 (PanSTARRS)		Comet	
coma.c-2014_tg64	C/2014 TG64 (Catalina 15)		Comet	
coma.c-2014_u3	C/2014 U3 (Kowalski)		Comet	
coma.c-2014_w2	C/2014 W2 (PanSTARRS)		Comet	
coma.c-2014_w3	C/2014 W3 (PanSTARRS)		Comet	
coma.c-2014_w6	C/2014 W6 (Catalina)		Comet	
coma.c-2014_w7	C/2014 W7 (Christensen 16)		Comet	
coma.c-2014_w8	C/2014 W8 (PanSTARRS)		Comet	
coma.c-2014_w9	C/2014 W9 (PanSTARRS 36)		Comet	
coma.c-2014_w11	C/2014 W11 (PanSTARRS 34)		Comet	
coma.c-2014_xb8	C/2014 XB8 (PanSTARRS)		Comet	
coma.c-2014_y1	C/2014 Y1 (PanSTARRS)		Comet	
coma.c-2015_a1	C/2015 A1 (PanSTARRS 38)		Comet	
coma.c-2015_a2	C/2015 A2 (PanSTARRS)		Comet	
coma.c-2015_b2	C/2015 B2 (PanSTARRS)		Comet	
coma.c-2015_c2	C/2015 C2 (SWAN)		Comet	
coma.c-2015_d2	C/2015 D2 (PanSTARRS 40)		Comet	
coma.c-2015_d3	C/2015 D3 (PanSTARRS)		Comet	
coma.c-2015_d4	C/2015 D4 (Borisov)		Comet	
coma.c-2015_er61	C/2015 ER61 (PanSTARRS)		Comet	
coma.c-2015_f2	C/2015 F2 (Polonia)		Comet	
coma.c-2015_f3	C/2015 F3 (SWAN)		Comet	
coma.c-2015_f4	C/2015 F4 (Jacques)		Comet	
coma.c-2015_gx	C/2015 GX (PanSTARRS 42)		Comet	
coma.c-2015_lc2	C/2015 LC2 (PanSTARRS)		Comet	
coma.c-2015_v1	C/2015 V1 (PanSTARRS)		Comet	
coma.c-2015_wz	C/2015 WZ (PanSTARRS)		Comet	
coma.c-2016_q2	C/2016 Q2 (PanSTARRS)		Comet	
coma.c-2016_t3	C/2016 T3 (PanSTARRS)		Comet	
coma.c-2017_k2	C/2017 K2 (PanSTARRS 66)		Comet	
coma.c-2019_c1	C/2019 C1 (ATLAS)		Comet	
coma.c-2019_k7	C/2019 K7 (Smith)		Comet	
coma.c-2019_k8	C/2019 K8 (ATLAS)		Comet	
coma.c-2019_o3	C/2019 O3 (Palomar)		Comet	
coma.c-2019_s4	C/2019 S4 (Lemmon)		Comet	
coma.c-2019_u5	C/2019 U5 (PanSTARRS)		Comet	
coma.c-2020_h7	C/2020 H7 (Lemmon)		Comet	
coma.c-2021_c6	C/2021 C6 (Lemmon)		Comet	
coma.d-1977_c1	D/1977 C1 (Skiff-Kosai)	1976 XVI, P/1977 C1	Comet	
coma.d-1993_f2	D/1993 F2 (Shoemaker-Levy 9)		Comet	
coma.d-1993_f2--a	D/1993 F2-A (Shoemaker-Levy 9)		Comet	
coma.d-1993_f2--b	D/1993 F2-B (Shoemaker-Levy 9)		Comet	
coma.d-1993_f2--c	D/1993 F2-C (Shoemaker-Levy 9)		Comet	
coma.d-1993_f2--d	D/1993 F2-D (Shoemaker-Levy 9)		Comet	
coma.d-1993_f2--e	D/1993 F2-E (Shoemaker-Levy 9)		Comet	
coma.d-1993_f2--f	D/1993 F2-F (Shoemaker-Levy 9)		Comet	
coma.d-1993_f2--g	D/1993 F2-G (Shoemaker-Levy 9)		Comet	
coma.d-1993_f2--h	D/1993 F2-H (Shoemaker-Levy 9)		Comet	
coma.d-1993_f2--k	D/1993 F2-K (Shoemaker-Levy 9)		Comet	
coma.d-1993_f2--l	D/1993 F2-L (Shoemaker-Levy 9)		Comet	
coma.d-1993_f2--n	D/1993 F2-N (Shoemaker-Levy 9)		Comet	
coma.d-1993_f2--p1	D/1993 F2-P1 (Shoemaker-Levy 9)		Comet	
coma.d-1993_f2--q1	D/1993 F2-Q1 (Shoemaker-Levy 9)		Comet	
coma.d-1993_f2--r	D/1993 F2-R (Shoemaker-Levy 9)		Comet	
coma.d-1993_f2--s	D/1993 F2-S (Shoemaker-Levy 9)		Comet	
coma.d-1993_f2--t	D/1993 F2-T (Shoemaker-Levy 9)		Comet	
coma.d-1993_f2--u	D/1993 F2-U (Shoemaker-Levy 9)		Comet	
coma.d-1993_f2--v	D/1993 F2-V (Shoemaker-Levy 9)		Comet	
coma.d-1993_f2--w	D/1993 F2-W (Shoemaker-Levy 9)		Comet	
coma.d-1993_f2--p2	D/1993 F2-P2 (Shoemaker-Levy 9)		Comet	
coma.d-1993_f2--q2	D/1993 F2-Q2 (Shoemaker-Levy 9)		Comet	
